ISO_code,Country_and_areas,Year,SDG_Region,UNICEF_Region,WHO_Region,Wasting,Stunting,Overweight,Underweight,U5_Population_000s
AFG,AFGHANISTAN,1997,Central Asia and Southern Asia,SA,EMRO,18.2,53.2,6.5,44.9,3838.876953125
AFG,AFGHANISTAN,2004,Central Asia and Southern Asia,SA,EMRO,8.6,59.3,4.6,32.9,4789.35302734375
AFG,AFGHANISTAN,2013,Central Asia and Southern Asia,SA,EMRO,9.5,40.4,5.3,24.6,5444.57275390625
AFG,AFGHANISTAN,2018,Central Asia and Southern Asia,SA,EMRO,5.1,38.2,4.1,19.1,5601.44287109375
AGO,ANGOLA,1996,Sub-Saharan Africa,SSA,AFRO,7.7,61.1,1.7,36.2,2749.75
AGO,ANGOLA,2007,Sub-Saharan Africa,SSA,AFRO,8.2,29.2,5.25,15.6,3998.053955078125
AGO,ANGOLA,2015,Sub-Saharan Africa,SSA,AFRO,4.9,37.6,3.4,19.0,5192.35791015625
ALB,ALBANIA,1997,Northern America and Europe,ECA,EURO,8.1,20.4,9.5,7.1,309.2250061035156
ALB,ALBANIA,2000,Northern America and Europe,ECA,EURO,12.2,39.2,30.1,17.0,279.8349914550781
ALB,ALBANIA,2005,Northern America and Europe,ECA,EURO,7.3,26.7,24.8,6.6,219.40499877929688
ALB,ALBANIA,2009,Northern America and Europe,ECA,EURO,9.6,23.2,23.2,6.3,179.31199645996094
ALB,ALBANIA,2017,Northern America and Europe,ECA,EURO,1.6,11.3,16.4,1.5,176.52200317382812
ARG,ARGENTINA,1994,Latin America and the Caribbean,LAC,AMRO,1.6,7.1,11.1,1.7,3579.94287109375
ARG,ARGENTINA,1996,Latin America and the Caribbean,LAC,AMRO,4.2,16.9,13.5,4.7,3574.4658203125
ARG,ARGENTINA,2005,Latin America and the Caribbean,LAC,AMRO,1.2,8.2,9.9,2.3,3558.31591796875
ARG,ARGENTINA,2019,Latin America and the Caribbean,LAC,AMRO,1.6,7.9,13.6,1.7,3741.882080078125
ARM,ARMENIA,1998,Western Asia and Northern Africa,ECA,EURO,3.3,15.1,10.8,2.7,222.62600708007812
ARM,ARMENIA,2000,Western Asia and Northern Africa,ECA,EURO,2.5,17.3,15.7,2.6,196.5540008544922
ARM,ARMENIA,2005,Western Asia and Northern Africa,ECA,EURO,5.4,17.9,11.4,4.2,186.62899780273438
ARM,ARMENIA,2010,Western Asia and Northern Africa,ECA,EURO,4.1,20.9,16.5,5.3,201.0830078125
ARM,ARMENIA,2016,Western Asia and Northern Africa,ECA,EURO,4.4,9.4,13.7,2.6,213.83399963378906
AUS,AUSTRALIA,1995,Australia and New Zealand,EAP,WPRO,0.0,0.0,7.9,0.0,1297.8170166015625
AUS,AUSTRALIA,2007,Australia and New Zealand,EAP,WPRO,0.0,2.0,7.7,0.2,1328.02001953125
AUS,AUSTRALIA,2014,Australia and New Zealand,EAP,WPRO,5.65,28.1,17.9,13.2,1551.011962890625
AUS,AUSTRALIA,2017,Australia and New Zealand,EAP,WPRO,5.65,28.1,22.0,13.2,1595.448974609375
AZE,AZERBAIJAN,1996,Western Asia and Northern Africa,ECA,EURO,3.8,28.0,6.1,8.8,855.4150390625
AZE,AZERBAIJAN,2000,Western Asia and Northern Africa,ECA,EURO,9.0,24.2,6.2,14.0,712.5419921875
AZE,AZERBAIJAN,2001,Western Asia and Northern Africa,ECA,EURO,3.2,18.0,4.4,5.9,674.031982421875
AZE,AZERBAIJAN,2006,Western Asia and Northern Africa,ECA,EURO,6.8,26.5,13.9,8.4,656.9290161132812
AZE,AZERBAIJAN,2011,Western Asia and Northern Africa,ECA,EURO,6.6,16.4,10.4,6.5,734.3460083007812
AZE,AZERBAIJAN,2013,Western Asia and Northern Africa,ECA,EURO,3.2,17.8,14.1,4.9,809.7459716796875
BDI,BURUNDI,1987,Sub-Saharan Africa,SSA,AFRO,6.7,56.2,1.3,33.6,1021.43701171875
BDI,BURUNDI,2000,Sub-Saharan Africa,SSA,AFRO,8.1,64.0,1.5,39.1,1155.8170166015625
BDI,BURUNDI,2005,Sub-Saharan Africa,SSA,AFRO,9.0,57.7,5.25,35.2,1306.824951171875
BDI,BURUNDI,2010,Sub-Saharan Africa,SSA,AFRO,6.0,57.6,2.9,29.1,1578.653076171875
BDI,BURUNDI,2016,Sub-Saharan Africa,SSA,AFRO,5.1,55.9,1.4,29.3,1905.8990478515625
BDI,BURUNDI,2018,Sub-Saharan Africa,SSA,AFRO,4.8,56.6,1.8,29.6,1983.544921875
BDI,BURUNDI,2019,Sub-Saharan Africa,SSA,AFRO,4.8,54.0,2.8,27.0,2018.697021484375
BEL,BELGIUM,2014,Northern America and Europe,ECA,EURO,0.4,1.6,3.9,1.0,646.5269775390625
BEN,BENIN,1996,Sub-Saharan Africa,SSA,AFRO,12.3,39.1,2.4,26.2,1107.595947265625
BEN,BENIN,2001,Sub-Saharan Africa,SSA,AFRO,9.0,36.2,3.1,19.5,1252.4420166015625
BEN,BENIN,2008,Sub-Saharan Africa,SSA,AFRO,5.0,37.4,1.5,17.8,1485.991943359375
BEN,BENIN,2014,Sub-Saharan Africa,SSA,AFRO,4.5,34.0,1.7,18.0,1704.4520263671875
BEN,BENIN,2018,Sub-Saharan Africa,SSA,AFRO,5.0,32.2,1.9,16.8,1841.613037109375
BFA,BURKINA FASO,1993,Sub-Saharan Africa,SSA,AFRO,15.4,38.7,2.8,28.7,1794.843017578125
BFA,BURKINA FASO,1999,Sub-Saharan Africa,SSA,AFRO,15.5,41.4,1.9,30.9,2113.613037109375
BFA,BURKINA FASO,2009,Sub-Saharan Africa,SSA,AFRO,11.3,35.1,5.25,26.0,2773.740966796875
BFA,BURKINA FASO,2010,Sub-Saharan Africa,SSA,AFRO,15.5,34.7,2.8,26.2,2842.946044921875
BFA,BURKINA FASO,2011,Sub-Saharan Africa,SSA,AFRO,10.4,34.6,0.7,25.1,2920.986083984375
BFA,BURKINA FASO,2012,Sub-Saharan Africa,SSA,AFRO,10.7,32.8,0.6,24.3,2986.467041015625
BFA,BURKINA FASO,2013,Sub-Saharan Africa,SSA,AFRO,8.1,31.3,0.8,20.9,3044.47509765625
BFA,BURKINA FASO,2014,Sub-Saharan Africa,SSA,AFRO,8.5,29.0,1.1,20.0,3101.115966796875
BFA,BURKINA FASO,2015,Sub-Saharan Africa,SSA,AFRO,10.2,30.1,0.9,22.8,3161.23583984375
BFA,BURKINA FASO,2016,Sub-Saharan Africa,SSA,AFRO,7.5,26.8,1.2,18.9,3220.62890625
BFA,BURKINA FASO,2017,Sub-Saharan Africa,SSA,AFRO,8.6,21.1,1.7,16.2,3281.69482421875
BFA,BURKINA FASO,2018,Sub-Saharan Africa,SSA,AFRO,8.4,24.9,1.0,17.7,3344.615966796875
BFA,BURKINA FASO,2019,Sub-Saharan Africa,SSA,AFRO,8.1,23.8,1.6,16.4,3408.260986328125
BGD,BANGLADESH,1986,Central Asia and Southern Asia,SA,SEARO,17.3,70.9,0.2,66.8,15384.62109375
BGD,BANGLADESH,1990,Central Asia and Southern Asia,SA,SEARO,17.5,63.4,0.6,61.5,15889.546875
BGD,BANGLADESH,1991,Central Asia and Southern Asia,SA,SEARO,15.2,73.6,0.3,61.2,15998.583984375
BGD,BANGLADESH,1992,Central Asia and Southern Asia,SA,SEARO,16.1,71.5,0.2,60.6,16042.6357421875
BGD,BANGLADESH,1993,Central Asia and Southern Asia,SA,SEARO,14.0,69.2,0.4,56.1,16047.015625
BGD,BANGLADESH,1994,Central Asia and Southern Asia,SA,SEARO,16.7,67.3,0.2,58.0,16047.9443359375
BGD,BANGLADESH,1995,Central Asia and Southern Asia,SA,SEARO,15.1,65.8,0.2,55.2,16075.267578125
BGD,BANGLADESH,1996,Central Asia and Southern Asia,SA,SEARO,15.5,63.8,0.3,54.0,16113.48828125
BGD,BANGLADESH,1997,Central Asia and Southern Asia,SA,SEARO,20.7,59.6,2.4,53.6,16160.169921875
BGD,BANGLADESH,1998,Central Asia and Southern Asia,SA,SEARO,15.0,59.3,0.2,50.7,16211.607421875
BGD,BANGLADESH,1999,Central Asia and Southern Asia,SA,SEARO,13.7,59.9,0.6,49.5,16254.466796875
BGD,BANGLADESH,2000,Central Asia and Southern Asia,SA,SEARO,12.5,51.1,0.9,42.4,16282.150390625
BGD,BANGLADESH,2001,Central Asia and Southern Asia,SA,SEARO,12.7,53.2,0.9,43.2,16368.46875
BGD,BANGLADESH,2002,Central Asia and Southern Asia,SA,SEARO,12.4,51.4,1.0,41.0,16391.12890625
BGD,BANGLADESH,2003,Central Asia and Southern Asia,SA,SEARO,12.5,47.8,1.0,38.9,16357.2119140625
BGD,BANGLADESH,2004,Central Asia and Southern Asia,SA,SEARO,14.6,50.5,0.9,42.8,16275.2783203125
BGD,BANGLADESH,2005,Central Asia and Southern Asia,SA,SEARO,11.8,45.9,1.0,37.3,16156.70703125
BGD,BANGLADESH,2006,Central Asia and Southern Asia,SA,SEARO,11.9,45.1,0.8,37.9,16077.8408203125
BGD,BANGLADESH,2007,Central Asia and Southern Asia,SA,SEARO,17.5,43.2,1.1,41.3,15911.48046875
BGD,BANGLADESH,2011,Central Asia and Southern Asia,SA,SEARO,15.7,41.3,1.9,36.7,15076.2158203125
BGD,BANGLADESH,2013,Central Asia and Southern Asia,SA,SEARO,9.6,42.0,1.6,31.9,14844.46875
BGD,BANGLADESH,2013,Central Asia and Southern Asia,SA,SEARO,18.1,38.7,2.6,35.1,14844.46875
BGD,BANGLADESH,2014,Central Asia and Southern Asia,SA,SEARO,14.4,36.2,1.6,32.8,14770.8798828125
BGD,BANGLADESH,2018,Central Asia and Southern Asia,SA,SEARO,8.4,30.9,2.2,21.9,14516.61328125
BGD,BANGLADESH,2019,Central Asia and Southern Asia,SA,SEARO,9.8,28.0,2.4,22.6,14418.74609375
BGR,BULGARIA,2004,Northern America and Europe,ECA,EURO,3.2,8.8,13.6,1.6,323.27099609375
BGR,BULGARIA,2007,Northern America and Europe,ECA,EURO,4.7,9.2,6.9,3.7,361.2799987792969
BGR,BULGARIA,2014,Northern America and Europe,ECA,EURO,6.3,7.0,6.9,1.9,347.5610046386719
BHR,BAHRAIN,1989,Western Asia and Northern Africa,MENA,EMRO,6.8,13.9,7.5,6.3,65.45199584960938
BHR,BAHRAIN,1995,Western Asia and Northern Africa,MENA,EMRO,6.6,13.6,5.25,7.6,61.290000915527344
BIH,BOSNIA AND HERZEGOVINA,2000,Northern America and Europe,ECA,EURO,7.4,12.1,16.3,4.2,234.468994140625
BIH,BOSNIA AND HERZEGOVINA,2006,Northern America and Europe,ECA,EURO,4.0,11.8,25.7,1.6,165.010009765625
BIH,BOSNIA AND HERZEGOVINA,2012,Northern America and Europe,ECA,EURO,2.3,8.9,17.4,1.6,182.99099731445312
BLR,BELARUS,2005,Northern America and Europe,ECA,EURO,2.2,4.5,9.7,1.3,445.6759948730469
BLZ,BELIZE,1992,Latin America and the Caribbean,LAC,AMRO,5.65,28.1,5.25,5.4,30.4060001373291
BLZ,BELIZE,2006,Latin America and the Caribbean,LAC,AMRO,1.9,22.0,13.6,5.0,37.91899871826172
BLZ,BELIZE,2011,Latin America and the Caribbean,LAC,AMRO,3.3,19.3,7.9,6.2,37.50699996948242
BLZ,BELIZE,2015,Latin America and the Caribbean,LAC,AMRO,1.8,15.0,7.3,4.6,38.58599853515625
BOL,BOLIVIA (PLURINATIONAL STATE OF),1988,Latin America and the Caribbean,LAC,AMRO,5.65,28.1,5.25,9.8,996.0650024414062
BOL,BOLIVIA (PLURINATIONAL STATE OF),1989,Latin America and the Caribbean,LAC,AMRO,1.5,44.0,7.4,7.8,1013.3380126953125
BOL,BOLIVIA (PLURINATIONAL STATE OF),1990,Latin America and the Caribbean,LAC,AMRO,5.65,28.1,5.25,9.7,1030.27099609375
BOL,BOLIVIA (PLURINATIONAL STATE OF),1991,Latin America and the Caribbean,LAC,AMRO,5.65,28.1,5.25,10.2,1052.0570068359375
BOL,BOLIVIA (PLURINATIONAL STATE OF),1992,Latin America and the Caribbean,LAC,AMRO,5.65,28.1,5.25,10.5,1066.8599853515625
BOL,BOLIVIA (PLURINATIONAL STATE OF),1994,Latin America and the Caribbean,LAC,AMRO,3.6,37.1,6.7,11.0,1086.075927734375
BOL,BOLIVIA (PLURINATIONAL STATE OF),1998,Latin America and the Caribbean,LAC,AMRO,1.6,33.2,10.7,5.9,1132.93798828125
BOL,BOLIVIA (PLURINATIONAL STATE OF),2003,Latin America and the Caribbean,LAC,AMRO,1.7,32.4,9.2,5.8,1182.635986328125
BOL,BOLIVIA (PLURINATIONAL STATE OF),2008,Latin America and the Caribbean,LAC,AMRO,1.4,27.1,8.7,4.5,1196.197998046875
BOL,BOLIVIA (PLURINATIONAL STATE OF),2012,Latin America and the Caribbean,LAC,AMRO,1.5,18.2,7.4,3.6,1191.0660400390625
BOL,BOLIVIA (PLURINATIONAL STATE OF),2016,Latin America and the Caribbean,LAC,AMRO,2.0,16.1,10.1,3.4,1198.93896484375
BRA,BRAZIL,1989,Latin America and the Caribbean,LAC,AMRO,2.4,19.8,7.4,5.6,17947.734375
BRA,BRAZIL,1996,Latin America and the Caribbean,LAC,AMRO,2.8,13.0,6.1,4.5,17456.822265625
BRA,BRAZIL,2007,Latin America and the Caribbean,LAC,AMRO,1.8,7.0,6.4,2.2,15642.560546875
BRB,BARBADOS,2012,Latin America and the Caribbean,LAC,AMRO,6.8,7.7,12.2,3.5,16.652999877929688
BRN,BRUNEI DARUSSALAM,2009,Eastern Asia and South-eastern Asia,EAP,WPRO,2.9,19.7,8.3,9.6,31.336999893188477
BTN,BHUTAN,1987,Central Asia and Southern Asia,SA,SEARO,5.2,60.9,3.5,34.0,84.93499755859375
BTN,BHUTAN,1999,Central Asia and Southern Asia,SA,SEARO,2.5,47.7,3.9,14.1,78.47799682617188
BTN,BHUTAN,2008,Central Asia and Southern Asia,SA,SEARO,4.5,34.9,5.4,10.4,68.81700134277344
BTN,BHUTAN,2010,Central Asia and Southern Asia,SA,SEARO,5.9,33.5,7.6,12.7,66.95700073242188
BWA,BOTSWANA,1996,Sub-Saharan Africa,SSA,AFRO,13.2,35.1,5.25,15.1,218.62399291992188
BWA,BOTSWANA,2000,Sub-Saharan Africa,SSA,AFRO,5.9,29.1,10.1,11.1,216.96099853515625
BWA,BOTSWANA,2007,Sub-Saharan Africa,SSA,AFRO,7.3,28.9,10.0,11.8,244.5419921875
CAF,CENTRAL AFRICAN REPUBLIC,1994,Sub-Saharan Africa,SSA,AFRO,8.7,41.5,3.7,24.0,528.3070068359375
CAF,CENTRAL AFRICAN REPUBLIC,2000,Sub-Saharan Africa,SSA,AFRO,10.4,44.4,10.8,21.3,612.9869995117188
CAF,CENTRAL AFRICAN REPUBLIC,2006,Sub-Saharan Africa,SSA,AFRO,12.1,43.6,8.6,26.1,699.1099853515625
CAF,CENTRAL AFRICAN REPUBLIC,2010,Sub-Saharan Africa,SSA,AFRO,7.4,40.7,1.8,23.5,731.905029296875
CAF,CENTRAL AFRICAN REPUBLIC,2012,Sub-Saharan Africa,SSA,AFRO,7.4,39.7,2.0,24.5,739.4620361328125
CAF,CENTRAL AFRICAN REPUBLIC,2014,Sub-Saharan Africa,SSA,AFRO,6.2,38.0,2.1,20.0,731.4390258789062
CAF,CENTRAL AFRICAN REPUBLIC,2018,Sub-Saharan Africa,SSA,AFRO,6.5,37.5,1.0,19.7,727.4320068359375
CAF,CENTRAL AFRICAN REPUBLIC,2019,Sub-Saharan Africa,SSA,AFRO,5.4,39.8,3.2,21.5,730.8569946289062
CAF,CENTRAL AFRICAN REPUBLIC,2019,Sub-Saharan Africa,SSA,AFRO,5.2,40.2,1.5,20.5,730.8569946289062
CAN,CANADA,2004,Northern America and Europe,Unknown,AMRO,5.65,28.1,10.4,13.2,1697.60302734375
CHL,CHILE,1986,Latin America and the Caribbean,LAC,AMRO,0.7,13.5,15.4,2.2,1322.60400390625
CHL,CHILE,1994,Latin America and the Caribbean,LAC,AMRO,0.5,4.2,10.1,0.8,1467.634033203125
CHL,CHILE,1995,Latin America and the Caribbean,LAC,AMRO,0.5,3.9,10.9,0.8,1459.6390380859375
CHL,CHILE,1996,Latin America and the Caribbean,LAC,AMRO,0.5,3.7,10.7,0.7,1446.073974609375
CHL,CHILE,1998,Latin America and the Caribbean,LAC,AMRO,0.6,3.3,11.2,0.7,1389.1329345703125
CHL,CHILE,1999,Latin America and the Caribbean,LAC,AMRO,0.5,3.1,11.9,0.7,1355.302001953125
CHL,CHILE,2001,Latin America and the Caribbean,LAC,AMRO,0.5,2.8,12.9,0.7,1279.623046875
CHL,CHILE,2002,Latin America and the Caribbean,LAC,AMRO,0.5,2.5,12.0,0.7,1250.4599609375
CHL,CHILE,2003,Latin America and the Caribbean,LAC,AMRO,0.5,2.5,12.1,0.6,1232.375
CHL,CHILE,2004,Latin America and the Caribbean,LAC,AMRO,0.5,2.4,12.1,0.6,1220.302978515625
CHL,CHILE,2006,Latin America and the Caribbean,LAC,AMRO,0.5,2.2,11.7,0.6,1208.0050048828125
CHL,CHILE,2007,Latin America and the Caribbean,LAC,AMRO,0.3,2.1,9.8,0.6,1209.3370361328125
CHL,CHILE,2008,Latin America and the Caribbean,LAC,AMRO,0.3,2.0,9.5,0.5,1213.0150146484375
CHL,CHILE,2013,Latin America and the Caribbean,LAC,AMRO,0.3,1.8,10.1,0.5,1247.696044921875
CHL,CHILE,2014,Latin America and the Caribbean,LAC,AMRO,0.3,1.8,9.3,0.5,1245.001953125
CHN,CHINA,1987,Eastern Asia and South-eastern Asia,EAP,WPRO,4.8,38.3,5.25,18.7,119337.765625
CHN,CHINA,1990,Eastern Asia and South-eastern Asia,EAP,WPRO,4.2,32.3,5.3,12.6,132966.78125
CHN,CHINA,1992,Eastern Asia and South-eastern Asia,EAP,WPRO,3.9,38.0,7.2,14.2,130485.4921875
CHN,CHINA,1995,Eastern Asia and South-eastern Asia,EAP,WPRO,5.0,31.2,13.6,10.7,100534.921875
CHN,CHINA,1998,Eastern Asia and South-eastern Asia,EAP,WPRO,2.4,19.8,5.5,6.9,85061.96875
CHN,CHINA,2000,Eastern Asia and South-eastern Asia,EAP,WPRO,2.5,17.8,3.4,7.4,88692.59375
CHN,CHINA,2002,Eastern Asia and South-eastern Asia,EAP,WPRO,3.0,21.8,9.2,6.8,91696.5625
CHN,CHINA,2005,Eastern Asia and South-eastern Asia,EAP,WPRO,2.9,11.7,5.9,4.5,83125.6171875
CHN,CHINA,2008,Eastern Asia and South-eastern Asia,EAP,WPRO,2.6,9.8,5.8,3.8,82746.9375
CHN,CHINA,2009,Eastern Asia and South-eastern Asia,EAP,WPRO,2.6,9.0,5.7,3.4,83852.3515625
CHN,CHINA,2010,Eastern Asia and South-eastern Asia,EAP,WPRO,2.3,9.4,6.6,3.4,84639.25
CHN,CHINA,2013,Eastern Asia and South-eastern Asia,EAP,WPRO,1.9,8.1,9.1,2.4,86717.3515625
CHN,CHINA,2017,Eastern Asia and South-eastern Asia,EAP,WPRO,1.9,4.8,8.5,13.2,86536.78125
CIV,CôTE D'IVOIRE,1986,Sub-Saharan Africa,SSA,AFRO,8.5,19.6,5.8,11.7,1901.4599609375
CIV,CôTE D'IVOIRE,1994,Sub-Saharan Africa,SSA,AFRO,8.3,34.2,2.5,20.3,2389.654052734375
CIV,CôTE D'IVOIRE,1998,Sub-Saharan Africa,SSA,AFRO,6.9,31.2,4.6,18.2,2686.590087890625
CIV,CôTE D'IVOIRE,2007,Sub-Saharan Africa,SSA,AFRO,14.0,39.0,4.9,29.4,3201.35693359375
CIV,CôTE D'IVOIRE,2012,Sub-Saharan Africa,SSA,AFRO,7.6,29.9,3.2,15.7,3458.27783203125
CIV,CôTE D'IVOIRE,2016,Sub-Saharan Africa,SSA,AFRO,6.1,21.6,1.5,12.8,3806.330078125
CMR,CAMEROON,1991,Sub-Saharan Africa,SSA,AFRO,4.5,31.6,4.7,12.9,2249.39404296875
CMR,CAMEROON,1998,Sub-Saharan Africa,SSA,AFRO,6.2,38.2,8.2,17.3,2549.513916015625
CMR,CAMEROON,2004,Sub-Saharan Africa,SSA,AFRO,6.2,35.6,8.7,15.1,2951.5888671875
CMR,CAMEROON,2006,Sub-Saharan Africa,SSA,AFRO,7.6,37.6,10.5,16.5,3140.0068359375
CMR,CAMEROON,2011,Sub-Saharan Africa,SSA,AFRO,5.7,32.6,6.5,15.2,3545.137939453125
CMR,CAMEROON,2014,Sub-Saharan Africa,SSA,AFRO,5.2,31.7,6.7,14.8,3756.344970703125
CMR,CAMEROON,2018,Sub-Saharan Africa,SSA,AFRO,4.3,28.9,11.0,11.0,4003.012939453125
COD,DEMOCRATIC REPUBLIC OF THE CONGO,1995,Sub-Saharan Africa,SSA,AFRO,11.4,51.0,5.25,30.7,7688.97998046875
COD,DEMOCRATIC REPUBLIC OF THE CONGO,2001,Sub-Saharan Africa,SSA,AFRO,15.9,44.4,6.7,30.3,8933.779296875
COD,DEMOCRATIC REPUBLIC OF THE CONGO,2007,Sub-Saharan Africa,SSA,AFRO,10.4,45.8,7.0,25.6,10993.05078125
COD,DEMOCRATIC REPUBLIC OF THE CONGO,2010,Sub-Saharan Africa,SSA,AFRO,8.5,43.4,4.9,24.2,12134.25390625
COD,DEMOCRATIC REPUBLIC OF THE CONGO,2013,Sub-Saharan Africa,SSA,AFRO,8.1,42.7,4.4,23.4,13355.3369140625
COD,DEMOCRATIC REPUBLIC OF THE CONGO,2017,Sub-Saharan Africa,SSA,AFRO,6.4,41.8,3.8,23.1,14858.193359375
COG,CONGO,1987,Sub-Saharan Africa,SSA,AFRO,6.6,30.1,1.6,16.4,369.5950012207031
COG,CONGO,2005,Sub-Saharan Africa,SSA,AFRO,8.0,31.2,8.5,11.9,594.8280029296875
COG,CONGO,2011,Sub-Saharan Africa,SSA,AFRO,6.0,24.4,3.5,11.8,725.6370239257812
COG,CONGO,2014,Sub-Saharan Africa,SSA,AFRO,8.2,21.2,5.9,12.3,768.4929809570312
COL,COLOMBIA,1986,Latin America and the Caribbean,LAC,AMRO,1.0,26.6,4.2,8.9,4056.2900390625
COL,COLOMBIA,1989,Latin America and the Caribbean,LAC,AMRO,3.8,21.8,5.25,8.8,4152.1142578125
COL,COLOMBIA,1995,Latin America and the Caribbean,LAC,AMRO,1.7,19.6,4.5,6.3,4440.14501953125
COL,COLOMBIA,2000,Latin America and the Caribbean,LAC,AMRO,1.0,18.2,5.3,4.9,4355.5400390625
COL,COLOMBIA,2005,Latin America and the Caribbean,LAC,AMRO,1.6,16.0,4.2,5.0,4207.203125
COL,COLOMBIA,2010,Latin America and the Caribbean,LAC,AMRO,0.9,12.6,4.8,3.4,3834.00390625
COL,COLOMBIA,2016,Latin America and the Caribbean,LAC,AMRO,1.6,12.7,5.7,3.7,3693.906005859375
COM,COMOROS,1992,Sub-Saharan Africa,SSA,AFRO,5.3,38.5,5.25,15.2,77.98300170898438
COM,COMOROS,1996,Sub-Saharan Africa,SSA,AFRO,10.7,40.0,5.3,21.1,83.01499938964844
COM,COMOROS,2000,Sub-Saharan Africa,SSA,AFRO,13.3,46.9,21.5,25.1,88.75199890136719
COM,COMOROS,2012,Sub-Saharan Africa,SSA,AFRO,11.2,31.1,10.6,16.9,111.4010009765625
CPV,CABO VERDE,1985,Sub-Saharan Africa,SSA,AFRO,4.2,26.8,5.25,13.7,56.48400115966797
CPV,CABO VERDE,1994,Sub-Saharan Africa,SSA,AFRO,6.9,21.4,5.25,11.8,64.68199920654297
CRI,COSTA RICA,1989,Latin America and the Caribbean,LAC,AMRO,5.65,28.1,5.25,2.4,409.7279968261719
CRI,COSTA RICA,1990,Latin America and the Caribbean,LAC,AMRO,5.65,28.1,5.25,2.5,416.1600036621094
CRI,COSTA RICA,1991,Latin America and the Caribbean,LAC,AMRO,5.65,28.1,5.25,2.2,420.84600830078125
CRI,COSTA RICA,1992,Latin America and the Caribbean,LAC,AMRO,5.65,28.1,5.25,2.0,422.13201904296875
CRI,COSTA RICA,1993,Latin America and the Caribbean,LAC,AMRO,5.65,28.1,5.25,2.0,420.7770080566406
CRI,COSTA RICA,1994,Latin America and the Caribbean,LAC,AMRO,5.65,28.1,5.25,1.9,418.3590087890625
CRI,COSTA RICA,1996,Latin America and the Caribbean,LAC,AMRO,2.4,8.2,9.5,3.8,410.8869934082031
CRI,COSTA RICA,2008,Latin America and the Caribbean,LAC,AMRO,1.0,5.6,8.1,1.1,352.88800048828125
CRI,COSTA RICA,2018,Latin America and the Caribbean,LAC,AMRO,1.8,9.0,7.5,2.9,353.875
CUB,CUBA,2000,Latin America and the Caribbean,LAC,AMRO,2.4,7.0,5.25,3.4,750.4730224609375
CUB,CUBA,2019,Latin America and the Caribbean,LAC,AMRO,2.0,7.1,10.3,2.4,587.4199829101562
CZE,CZECHIA,1991,Northern America and Europe,ECA,EURO,2.8,3.1,6.7,0.9,669.5750122070312
CZE,CZECHIA,2001,Northern America and Europe,ECA,EURO,4.6,2.7,4.4,2.1,417.63800048828125
DEU,GERMANY,2004,Northern America and Europe,ECA,EURO,1.0,1.3,3.5,1.1,3679.490966796875
DEU,GERMANY,2016,Northern America and Europe,ECA,EURO,0.3,1.7,3.2,0.5,3603.888916015625
DJI,DJIBOUTI,1989,Sub-Saharan Africa,SSA,EMRO,12.5,28.0,5.25,20.2,103.072998046875
DJI,DJIBOUTI,1996,Sub-Saharan Africa,SSA,EMRO,14.9,31.7,5.25,16.0,96.74299621582031
DJI,DJIBOUTI,2002,Sub-Saharan Africa,SSA,EMRO,19.4,27.1,8.4,24.4,105.43400573730469
DJI,DJIBOUTI,2012,Sub-Saharan Africa,SSA,EMRO,21.5,33.5,8.1,29.9,92.53099822998047
DOM,DOMINICAN REPUBLIC,1986,Latin America and the Caribbean,LAC,AMRO,3.3,20.4,3.8,8.7,939.0089721679688
DOM,DOMINICAN REPUBLIC,1991,Latin America and the Caribbean,LAC,AMRO,2.1,21.1,4.3,8.4,977.9219970703125
DOM,DOMINICAN REPUBLIC,1996,Latin America and the Caribbean,LAC,AMRO,2.0,13.5,6.7,4.7,1019.3250122070312
DOM,DOMINICAN REPUBLIC,2000,Latin America and the Caribbean,LAC,AMRO,1.5,7.7,6.9,3.3,1008.0169677734375
DOM,DOMINICAN REPUBLIC,2002,Latin America and the Caribbean,LAC,AMRO,2.2,11.6,8.6,4.2,998.0159912109375
DOM,DOMINICAN REPUBLIC,2006,Latin America and the Caribbean,LAC,AMRO,1.7,8.4,6.2,3.9,993.9810180664062
DOM,DOMINICAN REPUBLIC,2007,Latin America and the Caribbean,LAC,AMRO,2.3,10.1,8.3,3.4,992.4949951171875
DOM,DOMINICAN REPUBLIC,2013,Latin America and the Caribbean,LAC,AMRO,2.4,7.1,7.6,4.0,999.0230102539062
DZA,ALGERIA,1987,Western Asia and Northern Africa,MENA,AFRO,4.0,16.9,5.25,8.0,3955.0869140625
DZA,ALGERIA,1992,Western Asia and Northern Africa,MENA,AFRO,7.1,22.9,8.7,9.2,3926.35400390625
DZA,ALGERIA,1995,Western Asia and Northern Africa,MENA,AFRO,9.6,22.5,13.2,11.3,3733.160888671875
DZA,ALGERIA,2000,Western Asia and Northern Africa,MENA,AFRO,3.1,23.6,14.7,5.4,3084.849853515625
DZA,ALGERIA,2002,Western Asia and Northern Africa,MENA,AFRO,9.6,24.0,15.1,11.1,2877.719970703125
DZA,ALGERIA,2006,Western Asia and Northern Africa,MENA,AFRO,4.1,15.4,12.9,3.4,3080.572998046875
DZA,ALGERIA,2012,Western Asia and Northern Africa,MENA,AFRO,4.1,11.7,12.4,3.0,4298.7470703125
DZA,ALGERIA,2019,Western Asia and Northern Africa,MENA,AFRO,2.7,9.8,12.8,2.7,5024.6162109375
ECU,ECUADOR,1986,Latin America and the Caribbean,LAC,AMRO,2.3,40.2,5.25,14.5,1343.280029296875
ECU,ECUADOR,1999,Latin America and the Caribbean,LAC,AMRO,2.7,27.9,2.6,10.4,1553.154052734375
ECU,ECUADOR,2004,Latin America and the Caribbean,LAC,AMRO,2.0,29.2,5.3,6.7,1562.1280517578125
ECU,ECUADOR,2006,Latin America and the Caribbean,LAC,AMRO,2.1,25.9,5.2,6.8,1548.114990234375
ECU,ECUADOR,2012,Latin America and the Caribbean,LAC,AMRO,2.4,25.4,7.5,6.4,1576.81005859375
ECU,ECUADOR,2014,Latin America and the Caribbean,LAC,AMRO,1.6,23.9,8.0,5.1,1596.6619873046875
ECU,ECUADOR,2019,Latin America and the Caribbean,LAC,AMRO,3.7,23.0,11.7,5.2,1662.469970703125
EGY,EGYPT,1988,Western Asia and Northern Africa,MENA,EMRO,1.9,34.0,6.9,9.4,8495.0185546875
EGY,EGYPT,1991,Western Asia and Northern Africa,MENA,EMRO,4.5,34.9,14.9,10.5,8754.2392578125
EGY,EGYPT,1992,Western Asia and Northern Africa,MENA,EMRO,4.0,31.1,14.3,8.2,8702.822265625
EGY,EGYPT,1995,Western Asia and Northern Africa,MENA,EMRO,5.7,34.8,14.6,10.8,8385.6162109375
EGY,EGYPT,1998,Western Asia and Northern Africa,MENA,EMRO,7.5,30.9,5.25,10.2,8367.556640625
EGY,EGYPT,1998,Western Asia and Northern Africa,MENA,EMRO,6.4,26.3,5.25,9.4,8367.556640625
EGY,EGYPT,2000,Western Asia and Northern Africa,MENA,EMRO,5.65,24.4,5.25,13.2,8557.26953125
EGY,EGYPT,2003,Western Asia and Northern Africa,MENA,EMRO,5.2,20.2,9.2,8.7,8744.939453125
EGY,EGYPT,2005,Western Asia and Northern Africa,MENA,EMRO,5.3,23.9,14.1,5.4,8797.234375
EGY,EGYPT,2008,Western Asia and Northern Africa,MENA,EMRO,7.9,30.7,20.4,6.8,9135.6787109375
EGY,EGYPT,2014,Western Asia and Northern Africa,MENA,EMRO,9.5,22.3,15.7,7.0,11943.12890625
ERI,ERITREA,1993,Sub-Saharan Africa,SSA,AFRO,11.8,69.6,5.25,36.9,394.89801025390625
ERI,ERITREA,1995,Sub-Saharan Africa,SSA,AFRO,17.0,47.8,1.3,39.6,370.1700134277344
ERI,ERITREA,2002,Sub-Saharan Africa,SSA,AFRO,15.0,43.0,1.6,34.3,339.218994140625
ERI,ERITREA,2010,Sub-Saharan Africa,SSA,AFRO,14.6,52.5,2.1,39.4,526.3309936523438
EST,ESTONIA,2014,Northern America and Europe,ECA,EURO,1.5,1.2,5.0,0.4,72.62899780273438
ETH,ETHIOPIA,1992,Sub-Saharan Africa,SSA,AFRO,9.2,66.9,5.25,41.9,9676.5244140625
ETH,ETHIOPIA,2000,Sub-Saharan Africa,SSA,AFRO,12.4,57.4,2.0,41.8,12347.58984375
ETH,ETHIOPIA,2005,Sub-Saharan Africa,SSA,AFRO,12.4,50.0,5.1,34.3,13553.11328125
ETH,ETHIOPIA,2011,Sub-Saharan Africa,SSA,AFRO,9.8,44.4,1.8,29.2,14428.3125
ETH,ETHIOPIA,2014,Sub-Saharan Africa,SSA,AFRO,8.8,40.4,2.9,26.5,15206.7109375
ETH,ETHIOPIA,2016,Sub-Saharan Africa,SSA,AFRO,10.0,38.3,2.9,23.5,15823.333984375
ETH,ETHIOPIA,2019,Sub-Saharan Africa,SSA,AFRO,7.2,36.8,2.1,21.1,16560.833984375
FJI,FIJI,1993,Oceania excluding Australia and New Zealand,EAP,WPRO,9.8,4.3,2.2,6.9,98.50199890136719
FJI,FIJI,2004,Oceania excluding Australia and New Zealand,EAP,WPRO,6.3,7.5,5.1,5.3,89.9739990234375
GAB,GABON,2000,Sub-Saharan Africa,SSA,AFRO,4.2,25.9,5.5,9.0,184.69000244140625
GAB,GABON,2012,Sub-Saharan Africa,SSA,AFRO,3.4,17.0,7.7,6.4,253.98300170898438
GEO,GEORGIA,1999,Western Asia and Northern Africa,ECA,EURO,3.1,16.1,17.9,2.7,269.91900634765625
GEO,GEORGIA,2005,Western Asia and Northern Africa,ECA,EURO,3.0,14.6,20.8,2.4,233.07699584960938
GEO,GEORGIA,2009,Western Asia and Northern Africa,ECA,EURO,1.3,11.8,19.8,1.1,254.74400329589844
GEO,GEORGIA,2018,Western Asia and Northern Africa,ECA,EURO,0.6,5.8,6.0,2.1,279.4949951171875
GHA,GHANA,1988,Sub-Saharan Africa,SSA,AFRO,7.0,42.6,0.8,24.8,2427.596923828125
GHA,GHANA,1993,Sub-Saharan Africa,SSA,AFRO,10.9,41.2,2.5,25.8,2709.98388671875
GHA,GHANA,1997,Sub-Saharan Africa,SSA,AFRO,8.2,34.7,2.0,22.2,2898.405029296875
GHA,GHANA,1998,Sub-Saharan Africa,SSA,AFRO,9.9,30.6,2.7,20.1,2956.50390625
GHA,GHANA,2003,Sub-Saharan Africa,SSA,AFRO,8.4,35.5,4.5,19.0,3199.22509765625
GHA,GHANA,2006,Sub-Saharan Africa,SSA,AFRO,6.0,27.9,2.6,13.9,3326.705078125
GHA,GHANA,2008,Sub-Saharan Africa,SSA,AFRO,8.7,28.4,5.7,14.4,3448.6259765625
GHA,GHANA,2011,Sub-Saharan Africa,SSA,AFRO,6.2,22.8,2.6,13.4,3671.2880859375
GHA,GHANA,2014,Sub-Saharan Africa,SSA,AFRO,4.7,18.8,2.6,11.2,3890.1240234375
GHA,GHANA,2017,Sub-Saharan Africa,SSA,AFRO,6.8,17.5,1.4,12.6,4069.60400390625
GIN,GUINEA,1994,Sub-Saharan Africa,SSA,AFRO,14.0,35.3,5.25,21.2,1309.800048828125
GIN,GUINEA,1999,Sub-Saharan Africa,SSA,AFRO,9.7,31.1,4.4,20.0,1474.5810546875
GIN,GUINEA,2005,Sub-Saharan Africa,SSA,AFRO,11.0,39.3,5.2,22.7,1630.3310546875
GIN,GUINEA,2007,Sub-Saharan Africa,SSA,AFRO,7.2,34.0,6.4,16.4,1689.85205078125
GIN,GUINEA,2012,Sub-Saharan Africa,SSA,AFRO,5.1,34.4,3.0,16.0,1827.6710205078125
GIN,GUINEA,2012,Sub-Saharan Africa,SSA,AFRO,10.0,31.1,3.8,18.8,1827.6710205078125
GIN,GUINEA,2016,Sub-Saharan Africa,SSA,AFRO,8.1,32.4,4.0,18.3,1945.446044921875
GIN,GUINEA,2018,Sub-Saharan Africa,SSA,AFRO,9.2,30.3,5.6,16.3,2019.7469482421875
GMB,GAMBIA,1996,Sub-Saharan Africa,SSA,AFRO,5.65,36.1,5.25,23.2,222.0989990234375
GMB,GAMBIA,2000,Sub-Saharan Africa,SSA,AFRO,9.1,24.1,3.0,15.4,243.2360076904297
GMB,GAMBIA,2006,Sub-Saharan Africa,SSA,AFRO,7.4,27.7,2.7,15.8,284.2569885253906
GMB,GAMBIA,2010,Sub-Saharan Africa,SSA,AFRO,9.5,23.4,1.9,17.4,317.5039978027344
GMB,GAMBIA,2012,Sub-Saharan Africa,SSA,AFRO,9.5,21.1,1.1,17.9,337.5780029296875
GMB,GAMBIA,2013,Sub-Saharan Africa,SSA,AFRO,11.0,24.6,3.2,16.5,346.8389892578125
GMB,GAMBIA,2018,Sub-Saharan Africa,SSA,AFRO,6.2,19.0,1.2,13.9,392.9020080566406
GMB,GAMBIA,2018,Sub-Saharan Africa,SSA,AFRO,6.0,13.6,2.5,10.3,392.9020080566406
GMB,GAMBIA,2020,Sub-Saharan Africa,SSA,AFRO,5.1,17.5,2.1,11.6,409.5060119628906
GNB,GUINEA-BISSAU,2000,Sub-Saharan Africa,SSA,AFRO,11.8,33.8,5.0,19.8,207.78298950195312
GNB,GUINEA-BISSAU,2010,Sub-Saharan Africa,SSA,AFRO,5.9,32.0,2.8,18.0,254.83900451660156
GNB,GUINEA-BISSAU,2012,Sub-Saharan Africa,SSA,AFRO,6.2,26.4,1.9,17.0,268.4880065917969
GNB,GUINEA-BISSAU,2014,Sub-Saharan Africa,SSA,AFRO,6.0,27.6,2.3,17.0,279.4339904785156
GNB,GUINEA-BISSAU,2019,Sub-Saharan Africa,SSA,AFRO,5.1,27.7,2.6,16.3,301.656005859375
GNB,GUINEA-BISSAU,2019,Sub-Saharan Africa,SSA,AFRO,7.8,28.1,2.2,18.8,301.656005859375
GNQ,EQUATORIAL GUINEA,1997,Sub-Saharan Africa,SSA,AFRO,4.0,38.7,3.4,13.8,89.04800415039062
GNQ,EQUATORIAL GUINEA,2000,Sub-Saharan Africa,SSA,AFRO,9.2,42.7,14.0,15.7,100.18499755859375
GNQ,EQUATORIAL GUINEA,2004,Sub-Saharan Africa,SSA,AFRO,2.8,35.0,8.3,10.6,117.41300201416016
GNQ,EQUATORIAL GUINEA,2011,Sub-Saharan Africa,SSA,AFRO,3.1,26.2,9.7,5.6,154.89999389648438
GRC,GREECE,2003,Northern America and Europe,ECA,EURO,0.6,1.5,13.6,0.2,537.0770263671875
GTM,GUATEMALA,1987,Latin America and the Caribbean,LAC,AMRO,1.9,66.2,2.4,27.9,1530.364990234375
GTM,GUATEMALA,1995,Latin America and the Caribbean,LAC,AMRO,3.8,55.4,6.2,21.7,1766.9739990234375
GTM,GUATEMALA,1999,Latin America and the Caribbean,LAC,AMRO,2.9,53.1,6.9,20.3,1874.5419921875
GTM,GUATEMALA,2000,Latin America and the Caribbean,LAC,AMRO,3.7,51.0,7.3,18.8,1895.158935546875
GTM,GUATEMALA,2002,Latin America and the Caribbean,LAC,AMRO,1.9,54.8,5.2,18.2,1931.68798828125
GTM,GUATEMALA,2009,Latin America and the Caribbean,LAC,AMRO,1.0,51.5,4.9,14.1,1956.2939453125
GTM,GUATEMALA,2015,Latin America and the Caribbean,LAC,AMRO,0.8,46.7,4.9,12.4,1994.028076171875
GUY,GUYANA,1993,Latin America and the Caribbean,LAC,AMRO,6.7,14.7,2.1,13.2,94.7040023803711
GUY,GUYANA,1997,Latin America and the Caribbean,LAC,AMRO,13.3,14.0,1.9,10.3,102.6189956665039
GUY,GUYANA,2000,Latin America and the Caribbean,LAC,AMRO,12.1,13.9,5.5,11.9,96.08999633789062
GUY,GUYANA,2006,Latin America and the Caribbean,LAC,AMRO,8.3,17.9,6.8,10.8,80.94200134277344
GUY,GUYANA,2009,Latin America and the Caribbean,LAC,AMRO,5.5,19.3,6.7,11.0,74.01799774169922
GUY,GUYANA,2014,Latin America and the Caribbean,LAC,AMRO,6.4,11.3,5.3,8.2,74.48400115966797
HND,HONDURAS,1987,Latin America and the Caribbean,LAC,AMRO,2.3,43.3,2.7,18.1,810.1279907226562
HND,HONDURAS,1991,Latin America and the Caribbean,LAC,AMRO,2.4,42.7,3.0,15.0,873.3990478515625
HND,HONDURAS,1994,Latin America and the Caribbean,LAC,AMRO,2.7,45.7,5.25,16.1,926.6939697265625
HND,HONDURAS,1996,Latin America and the Caribbean,LAC,AMRO,1.6,38.6,2.8,17.9,969.7830200195312
HND,HONDURAS,2001,Latin America and the Caribbean,LAC,AMRO,1.3,35.5,3.0,12.8,1070.6729736328125
HND,HONDURAS,2006,Latin America and the Caribbean,LAC,AMRO,1.4,29.8,5.8,8.7,1052.842041015625
HND,HONDURAS,2012,Latin America and the Caribbean,LAC,AMRO,1.4,22.6,5.2,7.1,1020.9929809570312
HTI,HAITI,1990,Latin America and the Caribbean,LAC,AMRO,5.9,40.1,5.25,23.7,1142.9429931640625
HTI,HAITI,1994,Latin America and the Caribbean,LAC,AMRO,9.3,37.1,4.3,23.8,1161.81494140625
HTI,HAITI,2000,Latin America and the Caribbean,LAC,AMRO,5.5,28.8,3.1,13.9,1207.51904296875
HTI,HAITI,2006,Latin America and the Caribbean,LAC,AMRO,10.2,29.6,3.9,18.9,1246.633056640625
HTI,HAITI,2012,Latin America and the Caribbean,LAC,AMRO,5.1,22.0,3.6,11.6,1270.1689453125
HTI,HAITI,2017,Latin America and the Caribbean,LAC,AMRO,3.7,21.9,3.4,9.5,1271.77294921875
IDN,INDONESIA,1987,Eastern Asia and South-eastern Asia,EAP,SEARO,5.65,28.1,5.25,35.9,22821.3359375
IDN,INDONESIA,1989,Eastern Asia and South-eastern Asia,EAP,SEARO,5.65,28.1,5.25,31.0,22414.802734375
IDN,INDONESIA,1992,Eastern Asia and South-eastern Asia,EAP,SEARO,5.65,28.1,5.25,29.8,21956.35546875
IDN,INDONESIA,1996,Eastern Asia and South-eastern Asia,EAP,SEARO,14.9,48.1,6.5,30.3,21900.25390625
IDN,INDONESIA,1998,Eastern Asia and South-eastern Asia,EAP,SEARO,5.65,28.1,5.25,25.8,21572.126953125
IDN,INDONESIA,1999,Eastern Asia and South-eastern Asia,EAP,SEARO,5.65,28.1,5.25,22.8,21376.853515625
IDN,INDONESIA,2000,Eastern Asia and South-eastern Asia,EAP,SEARO,5.5,42.4,1.5,24.8,21305.3671875
IDN,INDONESIA,2001,Eastern Asia and South-eastern Asia,EAP,SEARO,5.4,41.6,1.5,23.4,21469.84375
IDN,INDONESIA,2002,Eastern Asia and South-eastern Asia,EAP,SEARO,5.65,28.1,5.25,23.0,21637.208984375
IDN,INDONESIA,2003,Eastern Asia and South-eastern Asia,EAP,SEARO,5.65,28.1,5.25,23.1,21838.01953125
IDN,INDONESIA,2004,Eastern Asia and South-eastern Asia,EAP,SEARO,14.4,28.6,5.1,19.7,22054.87109375
IDN,INDONESIA,2005,Eastern Asia and South-eastern Asia,EAP,SEARO,5.65,28.1,5.25,24.4,22258.09765625
IDN,INDONESIA,2007,Eastern Asia and South-eastern Asia,EAP,SEARO,14.8,40.1,11.2,19.6,22542.46484375
IDN,INDONESIA,2010,Eastern Asia and South-eastern Asia,EAP,SEARO,12.3,39.2,12.3,18.6,23172.91796875
IDN,INDONESIA,2013,Eastern Asia and South-eastern Asia,EAP,SEARO,13.5,36.4,11.5,19.9,23913.400390625
IDN,INDONESIA,2018,Eastern Asia and South-eastern Asia,EAP,SEARO,10.2,30.8,8.0,17.7,24350.30078125
IND,INDIA,1989,Central Asia and Southern Asia,SA,SEARO,20.3,62.7,5.25,55.5,121226.734375
IND,INDIA,1991,Central Asia and Southern Asia,SA,SEARO,20.0,61.9,5.25,52.8,122589.0546875
IND,INDIA,1992,Central Asia and Southern Asia,SA,SEARO,19.9,57.7,2.9,51.2,123144.6796875
IND,INDIA,1997,Central Asia and Southern Asia,SA,SEARO,18.4,45.9,5.9,38.4,126145.6484375
IND,INDIA,1999,Central Asia and Southern Asia,SA,SEARO,17.1,54.2,2.9,46.3,127300.71875
IND,INDIA,2006,Central Asia and Southern Asia,SA,SEARO,20.0,47.8,1.9,43.5,129784.9140625
IND,INDIA,2014,Central Asia and Southern Asia,SA,SEARO,15.1,38.7,5.25,29.4,120676.71875
IND,INDIA,2015,Central Asia and Southern Asia,SA,SEARO,20.8,37.9,2.4,36.3,118983.3046875
IND,INDIA,2017,Central Asia and Southern Asia,SA,SEARO,17.3,34.7,1.6,33.4,116172.5
IRN,IRAN (ISLAMIC REPUBLIC OF),1995,Central Asia and Southern Asia,MENA,EMRO,8.1,24.4,5.5,13.8,7332.9560546875
IRN,IRAN (ISLAMIC REPUBLIC OF),1998,Central Asia and Southern Asia,MENA,EMRO,6.1,20.4,6.9,9.5,6173.3447265625
IRN,IRAN (ISLAMIC REPUBLIC OF),2004,Central Asia and Southern Asia,MENA,EMRO,4.8,7.1,5.25,4.6,5681.3359375
IRN,IRAN (ISLAMIC REPUBLIC OF),2010,Central Asia and Southern Asia,MENA,EMRO,4.0,6.8,5.25,4.1,6252.60107421875
IRQ,IRAQ,1991,Western Asia and Northern Africa,MENA,EMRO,4.4,27.6,5.25,10.4,3055.472900390625
IRQ,IRAQ,2000,Western Asia and Northern Africa,MENA,EMRO,6.6,28.1,5.5,12.8,3830.633056640625
IRQ,IRAQ,2003,Western Asia and Northern Africa,MENA,EMRO,5.6,33.7,5.25,10.1,4115.93701171875
IRQ,IRAQ,2004,Western Asia and Northern Africa,MENA,EMRO,6.9,20.0,5.25,8.0,4177.4189453125
IRQ,IRAQ,2006,Western Asia and Northern Africa,MENA,EMRO,5.8,27.5,15.0,7.1,4276.06884765625
IRQ,IRAQ,2011,Western Asia and Northern Africa,MENA,EMRO,6.5,22.1,11.4,7.2,4634.2900390625
IRQ,IRAQ,2018,Western Asia and Northern Africa,MENA,EMRO,3.0,12.6,6.1,3.9,5404.39697265625
JAM,JAMAICA,1989,Latin America and the Caribbean,LAC,AMRO,3.2,12.0,3.7,5.8,296.6319885253906
JAM,JAMAICA,1991,Latin America and the Caribbean,LAC,AMRO,5.5,11.8,2.3,5.6,288.802001953125
JAM,JAMAICA,1992,Latin America and the Caribbean,LAC,AMRO,2.7,14.4,3.1,5.7,287.47601318359375
JAM,JAMAICA,1994,Latin America and the Caribbean,LAC,AMRO,4.4,12.6,4.6,6.1,290.42498779296875
JAM,JAMAICA,1994,Latin America and the Caribbean,LAC,AMRO,3.0,12.1,6.2,4.6,290.42498779296875
JAM,JAMAICA,1995,Latin America and the Caribbean,LAC,AMRO,4.8,9.7,5.9,4.8,291.52099609375
JAM,JAMAICA,1996,Latin America and the Caribbean,LAC,AMRO,2.5,11.2,3.8,5.6,293.4070129394531
JAM,JAMAICA,1997,Latin America and the Caribbean,LAC,AMRO,2.2,8.7,5.5,3.5,294.17999267578125
JAM,JAMAICA,1998,Latin America and the Caribbean,LAC,AMRO,2.6,9.5,4.3,3.8,293.67401123046875
JAM,JAMAICA,1999,Latin America and the Caribbean,LAC,AMRO,2.4,5.7,6.3,2.1,291.9320068359375
JAM,JAMAICA,2000,Latin America and the Caribbean,LAC,AMRO,3.0,7.2,7.3,3.9,288.9930114746094
JAM,JAMAICA,2001,Latin America and the Caribbean,LAC,AMRO,3.2,6.6,5.8,4.0,285.76300048828125
JAM,JAMAICA,2002,Latin America and the Caribbean,LAC,AMRO,2.4,8.2,8.5,2.7,279.8840026855469
JAM,JAMAICA,2004,Latin America and the Caribbean,LAC,AMRO,4.5,4.9,7.5,3.1,264.6709899902344
JAM,JAMAICA,2006,Latin America and the Caribbean,LAC,AMRO,3.7,7.5,6.1,4.8,247.28500366210938
JAM,JAMAICA,2007,Latin America and the Caribbean,LAC,AMRO,2.7,5.4,8.7,1.8,240.36199951171875
JAM,JAMAICA,2008,Latin America and the Caribbean,LAC,AMRO,2.5,6.9,7.8,2.4,235.8509979248047
JAM,JAMAICA,2010,Latin America and the Caribbean,LAC,AMRO,4.8,6.0,4.1,3.4,230.55300903320312
JAM,JAMAICA,2012,Latin America and the Caribbean,LAC,AMRO,3.0,6.8,7.8,2.7,232.70199584960938
JAM,JAMAICA,2014,Latin America and the Caribbean,LAC,AMRO,3.6,6.0,8.3,2.2,235.24600219726562
JAM,JAMAICA,2016,Latin America and the Caribbean,LAC,AMRO,3.3,9.3,6.8,4.4,239.00399780273438
JOR,JORDAN,1990,Western Asia and Northern Africa,MENA,EMRO,4.0,20.0,8.5,5.1,599.4739990234375
JOR,JORDAN,1997,Western Asia and Northern Africa,MENA,EMRO,2.4,11.1,4.3,3.8,732.0339965820312
JOR,JORDAN,2002,Western Asia and Northern Africa,MENA,EMRO,2.5,11.7,4.5,3.7,762.5499877929688
JOR,JORDAN,2009,Western Asia and Northern Africa,MENA,EMRO,1.6,8.2,6.6,1.9,957.4970092773438
JOR,JORDAN,2012,Western Asia and Northern Africa,MENA,EMRO,2.4,7.8,4.7,3.0,1090.3310546875
JPN,JAPAN,2010,Eastern Asia and South-eastern Asia,EAP,WPRO,2.3,7.1,1.5,3.4,5554.14404296875
KAZ,KAZAKHSTAN,1995,Central Asia and Southern Asia,ECA,EURO,6.4,23.3,4.1,4.4,1450.051025390625
KAZ,KAZAKHSTAN,1999,Central Asia and Southern Asia,ECA,EURO,2.5,13.2,4.9,3.8,1129.4840087890625
KAZ,KAZAKHSTAN,2006,Central Asia and Southern Asia,ECA,EURO,4.9,17.5,16.9,4.9,1301.7030029296875
KAZ,KAZAKHSTAN,2010,Central Asia and Southern Asia,ECA,EURO,4.1,13.1,13.3,3.7,1591.9990234375
KAZ,KAZAKHSTAN,2015,Central Asia and Southern Asia,ECA,EURO,3.1,8.0,9.3,2.0,1954.031005859375
KEN,KENYA,1987,Sub-Saharan Africa,SSA,AFRO,5.5,37.0,5.25,13.2,4256.48486328125
KEN,KENYA,1993,Sub-Saharan Africa,SSA,AFRO,7.1,40.2,5.8,19.4,4635.6728515625
KEN,KENYA,1994,Sub-Saharan Africa,SSA,AFRO,6.8,41.1,5.1,17.9,4674.72607421875
KEN,KENYA,1998,Sub-Saharan Africa,SSA,AFRO,7.2,37.4,5.8,17.5,5165.47314453125
KEN,KENYA,2000,Sub-Saharan Africa,SSA,AFRO,7.4,40.8,8.1,17.1,5538.880859375
KEN,KENYA,2003,Sub-Saharan Africa,SSA,AFRO,6.2,35.8,5.8,16.4,6007.35888671875
KEN,KENYA,2005,Sub-Saharan Africa,SSA,AFRO,6.9,40.3,7.9,18.0,6208.2412109375
KEN,KENYA,2008,Sub-Saharan Africa,SSA,AFRO,6.9,35.5,5.0,16.5,6599.5830078125
KEN,KENYA,2011,Sub-Saharan Africa,SSA,AFRO,6.3,26.3,5.25,12.7,6961.8798828125
KEN,KENYA,2014,Sub-Saharan Africa,SSA,AFRO,4.2,26.2,4.1,11.2,7034.6591796875
KGZ,KYRGYZSTAN,1997,Central Asia and Southern Asia,ECA,EURO,2.9,36.2,8.1,10.4,564.39501953125
KGZ,KYRGYZSTAN,2006,Central Asia and Southern Asia,ECA,EURO,3.4,18.1,10.7,2.7,495.25201416015625
KGZ,KYRGYZSTAN,2009,Central Asia and Southern Asia,ECA,EURO,1.3,22.6,4.4,4.7,571.0009765625
KGZ,KYRGYZSTAN,2012,Central Asia and Southern Asia,ECA,EURO,2.8,17.9,8.9,3.8,684.5150146484375
KGZ,KYRGYZSTAN,2014,Central Asia and Southern Asia,ECA,EURO,2.8,12.9,7.0,2.8,750.0700073242188
KGZ,KYRGYZSTAN,2018,Central Asia and Southern Asia,ECA,EURO,2.0,11.8,6.9,1.8,787.7210083007812
KHM,CAMBODIA,1996,Eastern Asia and South-eastern Asia,EAP,WPRO,13.4,58.6,6.5,42.6,1750.738037109375
KHM,CAMBODIA,2000,Eastern Asia and South-eastern Asia,EAP,WPRO,17.1,49.0,4.0,39.7,1575.053955078125
KHM,CAMBODIA,2005,Eastern Asia and South-eastern Asia,EAP,WPRO,8.5,42.8,1.6,28.3,1531.7509765625
KHM,CAMBODIA,2008,Eastern Asia and South-eastern Asia,EAP,WPRO,9.1,39.5,2.0,28.3,1621.343994140625
KHM,CAMBODIA,2010,Eastern Asia and South-eastern Asia,EAP,WPRO,11.0,39.8,1.9,28.9,1672.0889892578125
KHM,CAMBODIA,2014,Eastern Asia and South-eastern Asia,EAP,WPRO,9.7,32.4,2.2,24.1,1758.9969482421875
KIR,KIRIBATI,1985,Oceania excluding Australia and New Zealand,EAP,WPRO,12.6,34.4,15.9,11.3,10.007999420166016
KIR,KIRIBATI,2009,Oceania excluding Australia and New Zealand,EAP,WPRO,5.65,28.1,5.25,15.1,13.243999481201172
KIR,KIRIBATI,2018,Oceania excluding Australia and New Zealand,EAP,WPRO,3.5,15.2,2.1,6.9,14.621999740600586
KOR,REPUBLIC OF KOREA,2003,Eastern Asia and South-eastern Asia,EAP,WPRO,0.9,2.5,6.2,0.9,2685.256103515625
KOR,REPUBLIC OF KOREA,2009,Eastern Asia and South-eastern Asia,EAP,WPRO,1.2,2.5,7.3,0.7,2299.346923828125
KWT,KUWAIT,1996,Western Asia and Northern Africa,MENA,EMRO,1.7,5.0,8.9,1.5,172.2429962158203
KWT,KUWAIT,2001,Western Asia and Northern Africa,MENA,EMRO,2.2,4.0,11.0,2.2,230.20098876953125
KWT,KUWAIT,2002,Western Asia and Northern Africa,MENA,EMRO,2.2,3.6,6.6,2.1,226.34300231933594
KWT,KUWAIT,2003,Western Asia and Northern Africa,MENA,EMRO,2.6,3.9,6.8,2.3,217.52099609375
KWT,KUWAIT,2004,Western Asia and Northern Africa,MENA,EMRO,3.4,4.1,7.1,2.8,211.04299926757812
KWT,KUWAIT,2005,Western Asia and Northern Africa,MENA,EMRO,3.3,4.5,7.5,2.7,213.14500427246094
KWT,KUWAIT,2006,Western Asia and Northern Africa,MENA,EMRO,2.8,4.6,8.7,2.7,211.4980010986328
KWT,KUWAIT,2007,Western Asia and Northern Africa,MENA,EMRO,3.6,5.1,8.5,2.9,220.8769989013672
KWT,KUWAIT,2008,Western Asia and Northern Africa,MENA,EMRO,2.2,5.1,9.3,2.3,238.35598754882812
KWT,KUWAIT,2009,Western Asia and Northern Africa,MENA,EMRO,1.8,3.8,9.0,1.7,257.68701171875
KWT,KUWAIT,2010,Western Asia and Northern Africa,MENA,EMRO,2.4,4.1,7.8,1.7,273.6340026855469
KWT,KUWAIT,2011,Western Asia and Northern Africa,MENA,EMRO,1.7,4.0,8.3,2.1,291.1099853515625
KWT,KUWAIT,2012,Western Asia and Northern Africa,MENA,EMRO,2.4,4.3,9.5,2.2,301.11798095703125
KWT,KUWAIT,2013,Western Asia and Northern Africa,MENA,EMRO,2.7,4.8,7.8,3.1,304.4679870605469
KWT,KUWAIT,2014,Western Asia and Northern Africa,MENA,EMRO,2.4,5.8,8.7,3.0,304.0889892578125
KWT,KUWAIT,2015,Western Asia and Northern Africa,MENA,EMRO,3.1,4.9,6.0,13.2,302.48199462890625
KWT,KUWAIT,2016,Western Asia and Northern Africa,MENA,EMRO,2.4,5.9,6.8,13.2,305.16900634765625
KWT,KUWAIT,2017,Western Asia and Northern Africa,MENA,EMRO,2.5,6.4,5.5,13.2,304.74798583984375
LAO,LAO PEOPLE'S DEMOCRATIC REPUBLIC,1993,Eastern Asia and South-eastern Asia,EAP,WPRO,11.8,53.6,5.25,39.8,817.9550170898438
LAO,LAO PEOPLE'S DEMOCRATIC REPUBLIC,1994,Eastern Asia and South-eastern Asia,EAP,WPRO,12.3,52.9,5.25,35.9,829.8209838867188
LAO,LAO PEOPLE'S DEMOCRATIC REPUBLIC,2000,Eastern Asia and South-eastern Asia,EAP,WPRO,17.5,47.5,2.7,35.6,797.2150268554688
LAO,LAO PEOPLE'S DEMOCRATIC REPUBLIC,2006,Eastern Asia and South-eastern Asia,EAP,WPRO,7.4,47.7,1.3,31.6,759.7559814453125
LAO,LAO PEOPLE'S DEMOCRATIC REPUBLIC,2011,Eastern Asia and South-eastern Asia,EAP,WPRO,5.9,44.2,2.0,26.6,795.4730224609375
LAO,LAO PEOPLE'S DEMOCRATIC REPUBLIC,2015,Eastern Asia and South-eastern Asia,EAP,WPRO,9.7,35.5,2.5,25.5,781.052001953125
LAO,LAO PEOPLE'S DEMOCRATIC REPUBLIC,2017,Eastern Asia and South-eastern Asia,EAP,WPRO,9.0,33.1,3.5,21.1,780.947998046875
LBN,LEBANON,1996,Western Asia and Northern Africa,MENA,EMRO,3.6,17.2,20.8,3.5,440.1889953613281
LBN,LEBANON,2004,Western Asia and Northern Africa,MENA,EMRO,6.6,16.5,16.7,4.2,433.42401123046875
LBR,LIBERIA,2000,Sub-Saharan Africa,SSA,AFRO,7.4,45.3,4.6,22.8,484.760009765625
LBR,LIBERIA,2007,Sub-Saharan Africa,SSA,AFRO,7.9,39.6,4.2,20.4,585.7340087890625
LBR,LIBERIA,2010,Sub-Saharan Africa,SSA,AFRO,4.0,39.0,2.7,16.6,641.3980102539062
LBR,LIBERIA,2013,Sub-Saharan Africa,SSA,AFRO,5.6,32.1,3.2,15.3,676.9530029296875
LBR,LIBERIA,2016,Sub-Saharan Africa,SSA,AFRO,4.3,30.1,2.7,13.6,702.5419921875
LBR,LIBERIA,2019,Sub-Saharan Africa,SSA,AFRO,3.4,29.8,4.4,10.9,730.1510009765625
LBY,LIBYA,1995,Western Asia and Northern Africa,MENA,EMRO,3.6,21.1,13.4,4.2,601.7269897460938
LBY,LIBYA,2007,Western Asia and Northern Africa,MENA,EMRO,6.5,21.0,22.4,5.6,600.2879638671875
LBY,LIBYA,2014,Western Asia and Northern Africa,MENA,EMRO,10.2,38.1,29.6,11.7,663.6950073242188
LCA,SAINT LUCIA,2012,Latin America and the Caribbean,LAC,AMRO,3.7,2.5,6.3,2.8,11.069999694824219
LKA,SRI LANKA,1987,Central Asia and Southern Asia,SA,SEARO,14.9,32.3,0.3,32.8,1883.177978515625
LKA,SRI LANKA,1993,Central Asia and Southern Asia,SA,SEARO,15.0,28.7,0.4,30.3,1723.47802734375
LKA,SRI LANKA,1995,Central Asia and Southern Asia,SA,SEARO,15.3,26.1,5.25,29.3,1716.26806640625
LKA,SRI LANKA,2000,Central Asia and Southern Asia,SA,SEARO,15.9,18.3,1.2,22.9,1641.3199462890625
LKA,SRI LANKA,2007,Central Asia and Southern Asia,SA,SEARO,15.2,18.1,1.7,22.1,1796.2030029296875
LKA,SRI LANKA,2009,Central Asia and Southern Asia,SA,SEARO,11.8,19.2,0.8,21.6,1792.258056640625
LKA,SRI LANKA,2012,Central Asia and Southern Asia,SA,SEARO,21.3,14.6,0.6,26.1,1764.3809814453125
LKA,SRI LANKA,2016,Central Asia and Southern Asia,SA,SEARO,15.1,17.3,2.0,20.5,1712.612060546875
LSO,LESOTHO,1992,Sub-Saharan Africa,SSA,AFRO,3.2,39.2,5.25,13.8,276.2430114746094
LSO,LESOTHO,1993,Sub-Saharan Africa,SSA,AFRO,22.4,37.5,5.25,18.9,275.75
LSO,LESOTHO,2004,Sub-Saharan Africa,SSA,AFRO,5.6,44.7,6.7,16.6,266.6180114746094
LSO,LESOTHO,2009,Sub-Saharan Africa,SSA,AFRO,3.8,39.3,7.3,13.4,251.83700561523438
LSO,LESOTHO,2014,Sub-Saharan Africa,SSA,AFRO,2.8,33.4,7.5,10.5,243.37600708007812
LSO,LESOTHO,2018,Sub-Saharan Africa,SSA,AFRO,2.1,34.6,6.6,10.5,252.2919921875
MAR,MOROCCO,1987,Western Asia and Northern Africa,MENA,EMRO,3.9,31.0,5.6,10.4,3530.681884765625
MAR,MOROCCO,1992,Western Asia and Northern Africa,MENA,EMRO,2.6,30.1,10.8,8.1,3320.97216796875
MAR,MOROCCO,1997,Western Asia and Northern Africa,MENA,EMRO,4.7,28.9,13.7,7.7,3281.966064453125
MAR,MOROCCO,2003,Western Asia and Northern Africa,MENA,EMRO,10.8,23.1,13.4,9.8,3030.27197265625
MAR,MOROCCO,2011,Western Asia and Northern Africa,MENA,EMRO,2.3,14.9,10.8,2.9,3213.68115234375
MAR,MOROCCO,2017,Western Asia and Northern Africa,MENA,EMRO,2.6,15.1,10.9,2.6,3487.6298828125
MDA,REPUBLIC OF MOLDOVA,2005,Northern America and Europe,ECA,EURO,5.8,10.7,8.9,3.2,205.48199462890625
MDA,REPUBLIC OF MOLDOVA,2012,Northern America and Europe,ECA,EURO,1.9,6.4,4.9,2.2,225.62100219726562
MDG,MADAGASCAR,1992,Sub-Saharan Africa,SSA,AFRO,6.4,60.5,1.6,35.2,2226.883056640625
MDG,MADAGASCAR,1993,Sub-Saharan Africa,SSA,AFRO,16.4,54.1,5.25,40.9,2292.714111328125
MDG,MADAGASCAR,1995,Sub-Saharan Africa,SSA,AFRO,9.0,55.2,5.25,30.4,2438.716064453125
MDG,MADAGASCAR,1997,Sub-Saharan Africa,SSA,AFRO,8.9,58.2,2.2,38.0,2611.19091796875
MDG,MADAGASCAR,2004,Sub-Saharan Africa,SSA,AFRO,15.1,52.7,6.2,36.7,3079.35693359375
MDG,MADAGASCAR,2009,Sub-Saharan Africa,SSA,AFRO,5.65,49.4,5.25,13.2,3352.220947265625
MDG,MADAGASCAR,2012,Sub-Saharan Africa,SSA,AFRO,7.5,48.9,1.1,32.6,3528.0029296875
MDG,MADAGASCAR,2018,Sub-Saharan Africa,SSA,AFRO,6.4,41.6,1.4,26.4,3934.343017578125
MDV,MALDIVES,1994,Central Asia and Southern Asia,SA,SEARO,16.1,36.1,1.2,32.5,41.01499938964844
MDV,MALDIVES,1995,Central Asia and Southern Asia,SA,SEARO,18.9,33.0,2.2,39.0,39.91299819946289
MDV,MALDIVES,1997,Central Asia and Southern Asia,SA,SEARO,19.9,43.0,9.8,36.7,36.61000061035156
MDV,MALDIVES,2001,Central Asia and Southern Asia,SA,SEARO,13.4,31.9,3.9,25.7,30.18000030517578
MDV,MALDIVES,2009,Central Asia and Southern Asia,SA,SEARO,10.6,19.0,6.2,17.7,32.50899887084961
MDV,MALDIVES,2017,Central Asia and Southern Asia,SA,SEARO,9.1,15.3,4.9,14.8,36.861000061035156
MEX,MEXICO,1988,Latin America and the Caribbean,LAC,AMRO,6.1,26.9,6.0,10.9,11342.6328125
MEX,MEXICO,1989,Latin America and the Caribbean,LAC,AMRO,6.1,26.0,11.0,9.6,11444.169921875
MEX,MEXICO,1996,Latin America and the Caribbean,LAC,AMRO,8.5,25.8,5.25,10.3,11489.2802734375
MEX,MEXICO,1998,Latin America and the Caribbean,LAC,AMRO,2.0,21.4,7.5,5.6,11456.84765625
MEX,MEXICO,2006,Latin America and the Caribbean,LAC,AMRO,2.0,15.5,7.5,3.4,11394.49609375
MEX,MEXICO,2012,Latin America and the Caribbean,LAC,AMRO,1.6,13.6,9.0,2.8,11170.67578125
MEX,MEXICO,2015,Latin America and the Caribbean,LAC,AMRO,1.0,12.4,5.2,3.9,11234.087890625
MEX,MEXICO,2016,Latin America and the Caribbean,LAC,AMRO,2.0,10.0,5.3,4.2,11264.0908203125
MEX,MEXICO,2019,Latin America and the Caribbean,LAC,AMRO,1.4,14.1,6.3,4.7,11040.9560546875
MHL,MARSHALL ISLANDS,2017,Oceania excluding Australia and New Zealand,EAP,WPRO,3.5,34.8,4.1,11.9,1842.6480102539062
MKD,NORTH MACEDONIA,1999,Northern America and Europe,ECA,EURO,1.7,8.0,9.6,1.9,140.3780059814453
MKD,NORTH MACEDONIA,2005,Northern America and Europe,ECA,EURO,3.4,11.3,16.2,1.8,124.03300476074219
MKD,NORTH MACEDONIA,2011,Northern America and Europe,ECA,EURO,1.8,4.9,12.4,1.3,110.9749984741211
MKD,NORTH MACEDONIA,2019,Northern America and Europe,ECA,EURO,3.4,4.3,11.2,0.9,113.66400146484375
MLI,MALI,1987,Sub-Saharan Africa,SSA,AFRO,11.3,35.8,0.5,28.6,1502.531005859375
MLI,MALI,1996,Sub-Saharan Africa,SSA,AFRO,22.0,39.9,2.3,37.7,1863.1829833984375
MLI,MALI,2001,Sub-Saharan Africa,SSA,AFRO,12.6,42.5,3.1,30.0,2140.553955078125
MLI,MALI,2006,Sub-Saharan Africa,SSA,AFRO,15.4,37.6,4.6,27.9,2570.89111328125
MLI,MALI,2010,Sub-Saharan Africa,SSA,AFRO,8.9,27.8,1.0,18.9,2928.051025390625
MLI,MALI,2011,Sub-Saharan Africa,SSA,AFRO,10.4,27.9,0.8,20.0,3021.221923828125
MLI,MALI,2014,Sub-Saharan Africa,SSA,AFRO,13.1,28.1,1.2,24.1,3207.1630859375
MLI,MALI,2015,Sub-Saharan Africa,SSA,AFRO,12.5,29.0,0.4,24.1,3269.548828125
MLI,MALI,2015,Sub-Saharan Africa,SSA,AFRO,13.5,30.4,1.9,25.0,3269.548828125
MLI,MALI,2016,Sub-Saharan Africa,SSA,AFRO,10.6,26.4,0.5,20.2,3327.43701171875
MLI,MALI,2017,Sub-Saharan Africa,SSA,AFRO,10.5,24.6,1.6,17.1,3391.06396484375
MLI,MALI,2018,Sub-Saharan Africa,SSA,AFRO,9.8,24.2,1.1,18.8,3460.19091796875
MLI,MALI,2018,Sub-Saharan Africa,SSA,AFRO,9.0,26.9,2.0,18.6,3460.19091796875
MLI,MALI,2019,Sub-Saharan Africa,SSA,AFRO,9.3,26.4,0.7,18.1,3532.10986328125
MMR,MYANMAR,1990,Eastern Asia and South-eastern Asia,EAP,SEARO,5.65,28.1,5.25,32.5,5276.9111328125
MMR,MYANMAR,1991,Eastern Asia and South-eastern Asia,EAP,SEARO,12.7,53.6,5.25,37.0,5194.51171875
MMR,MYANMAR,1994,Eastern Asia and South-eastern Asia,EAP,SEARO,9.2,58.7,5.25,31.2,5054.44287109375
MMR,MYANMAR,1995,Eastern Asia and South-eastern Asia,EAP,SEARO,5.65,28.1,5.25,38.7,5042.42578125
MMR,MYANMAR,1997,Eastern Asia and South-eastern Asia,EAP,SEARO,9.6,55.4,9.7,28.1,5081.455078125
MMR,MYANMAR,2000,Eastern Asia and South-eastern Asia,EAP,SEARO,10.7,40.8,2.4,30.0,5207.0869140625
MMR,MYANMAR,2003,Eastern Asia and South-eastern Asia,EAP,SEARO,11.7,42.7,6.9,29.2,5362.48583984375
MMR,MYANMAR,2009,Eastern Asia and South-eastern Asia,EAP,SEARO,7.9,35.1,2.6,22.6,5040.1748046875
MMR,MYANMAR,2016,Eastern Asia and South-eastern Asia,EAP,SEARO,6.6,29.4,1.5,18.5,4545.6142578125
MMR,MYANMAR,2018,Eastern Asia and South-eastern Asia,EAP,SEARO,6.7,26.7,0.8,19.1,4517.67578125
MNE,MONTENEGRO,2005,Northern America and Europe,ECA,EURO,4.2,7.9,15.7,2.2,40.30099868774414
MNE,MONTENEGRO,2013,Northern America and Europe,ECA,EURO,2.8,9.4,22.3,1.0,38.347999572753906
MNE,MONTENEGRO,2018,Northern America and Europe,ECA,EURO,2.2,7.2,7.3,3.7,36.5880012512207
MNG,MONGOLIA,1992,Eastern Asia and South-eastern Asia,EAP,WPRO,2.4,33.1,5.25,11.8,326.2799987792969
MNG,MONGOLIA,1999,Eastern Asia and South-eastern Asia,EAP,WPRO,4.3,30.1,7.0,10.8,239.36599731445312
MNG,MONGOLIA,2000,Eastern Asia and South-eastern Asia,EAP,WPRO,7.1,29.8,12.7,11.6,233.94000244140625
MNG,MONGOLIA,2004,Eastern Asia and South-eastern Asia,EAP,WPRO,0.6,23.5,6.1,4.8,218.9029998779297
MNG,MONGOLIA,2005,Eastern Asia and South-eastern Asia,EAP,WPRO,2.7,27.5,14.2,5.3,221.60198974609375
MNG,MONGOLIA,2010,Eastern Asia and South-eastern Asia,EAP,WPRO,1.8,15.5,6.7,4.7,283.89300537109375
MNG,MONGOLIA,2010,Eastern Asia and South-eastern Asia,EAP,WPRO,1.6,15.3,10.9,3.3,283.89300537109375
MNG,MONGOLIA,2013,Eastern Asia and South-eastern Asia,EAP,WPRO,1.0,10.8,10.5,1.6,338.9889831542969
MNG,MONGOLIA,2016,Eastern Asia and South-eastern Asia,EAP,WPRO,1.2,7.3,11.7,0.8,374.176025390625
MNG,MONGOLIA,2018,Eastern Asia and South-eastern Asia,EAP,WPRO,0.9,9.4,10.5,1.8,380.27301025390625
MOZ,MOZAMBIQUE,1995,Sub-Saharan Africa,SSA,AFRO,9.6,59.9,5.25,23.9,2721.930908203125
MOZ,MOZAMBIQUE,1997,Sub-Saharan Africa,SSA,AFRO,9.8,48.7,5.9,26.3,2917.468017578125
MOZ,MOZAMBIQUE,2001,Sub-Saharan Africa,SSA,AFRO,8.1,50.7,8.8,24.5,3278.054931640625
MOZ,MOZAMBIQUE,2003,Sub-Saharan Africa,SSA,AFRO,5.4,46.9,6.3,21.2,3509.278076171875
MOZ,MOZAMBIQUE,2008,Sub-Saharan Africa,SSA,AFRO,4.2,43.5,3.6,18.2,4020.576904296875
MOZ,MOZAMBIQUE,2011,Sub-Saharan Africa,SSA,AFRO,6.1,42.9,7.8,15.6,4256.09423828125
MOZ,MOZAMBIQUE,2015,Sub-Saharan Africa,SSA,AFRO,4.4,42.3,7.0,15.6,4635.47900390625
MRT,MAURITANIA,1988,Sub-Saharan Africa,SSA,AFRO,19.1,40.2,5.25,13.2,338.2919921875
MRT,MAURITANIA,1996,Sub-Saharan Africa,SSA,AFRO,8.7,49.8,5.25,20.3,395.864990234375
MRT,MAURITANIA,2000,Sub-Saharan Africa,SSA,AFRO,15.3,38.6,3.8,29.7,432.5840148925781
MRT,MAURITANIA,2007,Sub-Saharan Africa,SSA,AFRO,13.6,31.5,2.3,25.5,511.3030090332031
MRT,MAURITANIA,2008,Sub-Saharan Africa,SSA,AFRO,8.1,23.6,1.0,16.5,523.9169921875
MRT,MAURITANIA,2011,Sub-Saharan Africa,SSA,AFRO,13.9,29.7,3.2,24.4,567.3560180664062
MRT,MAURITANIA,2012,Sub-Saharan Africa,SSA,AFRO,11.7,23.2,1.2,20.4,583.1419677734375
MRT,MAURITANIA,2015,Sub-Saharan Africa,SSA,AFRO,14.8,27.9,1.3,24.9,628.4819946289062
MRT,MAURITANIA,2018,Sub-Saharan Africa,SSA,AFRO,11.5,22.8,1.5,19.2,668.6589965820312
MUS,MAURITIUS,1985,Sub-Saharan Africa,SSA,AFRO,18.3,27.3,8.8,21.1,104.33999633789062
MUS,MAURITIUS,1995,Sub-Saharan Africa,SSA,AFRO,15.7,13.6,6.5,13.0,111.01000213623047
MWI,MALAWI,1992,Sub-Saharan Africa,SSA,AFRO,6.6,55.4,9.8,24.4,1800.342041015625
MWI,MALAWI,1995,Sub-Saharan Africa,SSA,AFRO,8.5,53.8,5.25,26.5,1776.76904296875
MWI,MALAWI,1998,Sub-Saharan Africa,SSA,AFRO,8.7,62.3,17.3,24.5,1892.134033203125
MWI,MALAWI,2000,Sub-Saharan Africa,SSA,AFRO,6.8,54.7,8.8,21.5,2013.864013671875
MWI,MALAWI,2002,Sub-Saharan Africa,SSA,AFRO,6.3,58.3,10.0,21.7,2132.152099609375
MWI,MALAWI,2004,Sub-Saharan Africa,SSA,AFRO,6.3,52.5,10.2,18.6,2229.02001953125
MWI,MALAWI,2006,Sub-Saharan Africa,SSA,AFRO,4.2,53.1,11.3,15.6,2357.654052734375
MWI,MALAWI,2009,Sub-Saharan Africa,SSA,AFRO,1.8,48.8,4.9,12.1,2572.697021484375
MWI,MALAWI,2010,Sub-Saharan Africa,SSA,AFRO,4.0,47.3,9.0,13.9,2632.444091796875
MWI,MALAWI,2014,Sub-Saharan Africa,SSA,AFRO,3.8,42.4,5.1,16.7,2758.8291015625
MWI,MALAWI,2015,Sub-Saharan Africa,SSA,AFRO,2.8,37.4,4.6,11.8,2777.06494140625
MWI,MALAWI,2016,Sub-Saharan Africa,SSA,AFRO,4.7,34.7,3.2,17.9,2781.81396484375
MWI,MALAWI,2016,Sub-Saharan Africa,SSA,AFRO,2.4,44.2,2.3,15.8,2781.81396484375
MWI,MALAWI,2016,Sub-Saharan Africa,SSA,AFRO,3.9,38.3,1.5,15.0,2781.81396484375
MWI,MALAWI,2017,Sub-Saharan Africa,SSA,AFRO,2.4,39.3,1.6,12.6,2801.736083984375
MWI,MALAWI,2018,Sub-Saharan Africa,SSA,AFRO,1.3,39.0,2.5,11.8,2835.16796875
MWI,MALAWI,2019,Sub-Saharan Africa,SSA,AFRO,0.6,40.9,3.8,9.0,2877.11279296875
MYS,MALAYSIA,1990,Eastern Asia and South-eastern Asia,EAP,WPRO,5.65,28.1,5.25,22.1,2437.3310546875
MYS,MALAYSIA,1991,Eastern Asia and South-eastern Asia,EAP,WPRO,5.65,28.1,5.25,23.1,2468.6630859375
MYS,MALAYSIA,1992,Eastern Asia and South-eastern Asia,EAP,WPRO,5.65,28.1,5.25,22.6,2500.096923828125
MYS,MALAYSIA,1993,Eastern Asia and South-eastern Asia,EAP,WPRO,5.65,28.1,5.25,20.5,2532.239013671875
MYS,MALAYSIA,1994,Eastern Asia and South-eastern Asia,EAP,WPRO,5.65,28.1,5.25,19.7,2564.6708984375
MYS,MALAYSIA,1995,Eastern Asia and South-eastern Asia,EAP,WPRO,5.65,28.1,5.25,17.7,2595.64697265625
MYS,MALAYSIA,1999,Eastern Asia and South-eastern Asia,EAP,WPRO,15.3,20.7,5.5,16.7,2684.7587890625
MYS,MALAYSIA,2006,Eastern Asia and South-eastern Asia,EAP,WPRO,13.2,17.5,5.8,12.7,2490.846923828125
MYS,MALAYSIA,2015,Eastern Asia and South-eastern Asia,EAP,WPRO,8.0,17.7,7.1,12.4,2504.055908203125
MYS,MALAYSIA,2016,Eastern Asia and South-eastern Asia,EAP,WPRO,11.5,20.7,6.0,13.7,2553.618896484375
MYS,MALAYSIA,2019,Eastern Asia and South-eastern Asia,EAP,WPRO,9.7,21.8,5.2,14.1,2620.281005859375
NAM,NAMIBIA,1992,Sub-Saharan Africa,SSA,AFRO,9.6,35.6,4.5,21.4,253.61099243164062
NAM,NAMIBIA,2000,Sub-Saharan Africa,SSA,AFRO,10.0,29.3,3.3,20.2,265.42999267578125
NAM,NAMIBIA,2007,Sub-Saharan Africa,SSA,AFRO,7.6,29.2,4.7,17.4,261.427978515625
NAM,NAMIBIA,2013,Sub-Saharan Africa,SSA,AFRO,7.1,22.7,4.0,13.2,313.885009765625
NER,NIGER,1985,Sub-Saharan Africa,SSA,AFRO,25.3,43.8,5.25,45.0,1430.491943359375
NER,NIGER,1992,Sub-Saharan Africa,SSA,AFRO,18.8,45.3,2.0,38.7,1726.43896484375
NER,NIGER,1998,Sub-Saharan Africa,SSA,AFRO,19.8,50.7,1.1,46.9,2172.02490234375
NER,NIGER,2000,Sub-Saharan Africa,SSA,AFRO,16.2,53.5,1.7,43.1,2342.969970703125
NER,NIGER,2006,Sub-Saharan Africa,SSA,AFRO,12.5,54.8,3.5,39.9,2960.304931640625
NER,NIGER,2006,Sub-Saharan Africa,SSA,AFRO,11.6,51.0,0.9,35.6,2960.304931640625
NER,NIGER,2007,Sub-Saharan Africa,SSA,AFRO,12.5,49.2,0.3,37.9,3073.537109375
NER,NIGER,2008,Sub-Saharan Africa,SSA,AFRO,13.8,43.8,0.1,34.6,3185.153076171875
NER,NIGER,2009,Sub-Saharan Africa,SSA,AFRO,12.5,45.5,0.2,33.5,3300.070068359375
NER,NIGER,2010,Sub-Saharan Africa,SSA,AFRO,16.2,47.8,0.1,40.3,3423.708984375
NER,NIGER,2010,Sub-Saharan Africa,SSA,AFRO,15.8,47.4,0.1,40.0,3423.708984375
NER,NIGER,2011,Sub-Saharan Africa,SSA,AFRO,12.6,50.9,0.1,38.4,3559.85205078125
NER,NIGER,2012,Sub-Saharan Africa,SSA,AFRO,18.2,43.5,3.1,38.0,3690.051025390625
NER,NIGER,2012,Sub-Saharan Africa,SSA,AFRO,13.4,39.9,0.8,32.1,3690.051025390625
NER,NIGER,2013,Sub-Saharan Africa,SSA,AFRO,12.4,42.5,0.4,33.1,3818.030029296875
NER,NIGER,2014,Sub-Saharan Africa,SSA,AFRO,14.2,42.2,0.5,34.6,3947.465087890625
NER,NIGER,2015,Sub-Saharan Africa,SSA,AFRO,13.6,46.4,0.6,35.8,4082.4560546875
NER,NIGER,2016,Sub-Saharan Africa,SSA,AFRO,10.4,41.3,1.1,32.0,4228.1591796875
NER,NIGER,2018,Sub-Saharan Africa,SSA,AFRO,14.1,48.5,1.0,37.5,4503.38720703125
NER,NIGER,2019,Sub-Saharan Africa,SSA,AFRO,9.8,47.1,1.4,31.3,4642.0830078125
NGA,NIGERIA,1990,Sub-Saharan Africa,SSA,AFRO,11.7,48.7,3.3,33.1,16798.89453125
NGA,NIGERIA,1993,Sub-Saharan Africa,SSA,AFRO,20.6,43.8,5.5,35.1,17830.169921875
NGA,NIGERIA,2003,Sub-Saharan Africa,SSA,AFRO,11.2,42.5,6.3,26.7,23022.5625
NGA,NIGERIA,2011,Sub-Saharan Africa,SSA,AFRO,10.2,35.8,3.0,24.2,28405.41796875
NGA,NIGERIA,2014,Sub-Saharan Africa,SSA,AFRO,7.9,33.6,1.8,20.6,30478.640625
NGA,NIGERIA,2015,Sub-Saharan Africa,SSA,AFRO,7.3,33.0,1.6,19.5,31132.119140625
NGA,NIGERIA,2016,Sub-Saharan Africa,SSA,AFRO,10.8,43.6,1.5,31.5,31830.806640625
NGA,NIGERIA,2018,Sub-Saharan Africa,SSA,AFRO,6.8,33.1,1.2,19.7,32917.19140625
NGA,NIGERIA,2018,Sub-Saharan Africa,SSA,AFRO,6.8,36.8,2.1,21.8,32917.19140625
NGA,NIGERIA,2020,Sub-Saharan Africa,SSA,AFRO,6.5,31.5,1.6,18.4,33938.796875
NIC,NICARAGUA,1993,Latin America and the Caribbean,LAC,AMRO,2.5,29.6,5.5,9.6,698.2850341796875
NIC,NICARAGUA,1998,Latin America and the Caribbean,LAC,AMRO,3.4,30.5,6.9,10.3,686.39794921875
NIC,NICARAGUA,2001,Latin America and the Caribbean,LAC,AMRO,2.3,25.1,7.2,7.7,662.1079711914062
NIC,NICARAGUA,2004,Latin America and the Caribbean,LAC,AMRO,0.3,18.8,5.2,4.3,656.426025390625
NIC,NICARAGUA,2007,Latin America and the Caribbean,LAC,AMRO,1.5,23.1,6.2,5.7,659.9140014648438
NIC,NICARAGUA,2012,Latin America and the Caribbean,LAC,AMRO,2.2,17.3,8.3,4.6,670.2039794921875
NLD,NETHERLANDS,1996,Northern America and Europe,ECA,EURO,1.2,1.3,2.7,1.1,983.3099975585938
NLD,NETHERLANDS,2009,Northern America and Europe,ECA,EURO,1.0,1.5,3.8,1.0,947.1519775390625
NPL,NEPAL,1995,Central Asia and Southern Asia,SA,SEARO,6.0,68.2,5.25,42.6,3376.77490234375
NPL,NEPAL,1996,Central Asia and Southern Asia,SA,SEARO,12.6,65.7,0.7,47.1,3450.425048828125
NPL,NEPAL,1998,Central Asia and Southern Asia,SA,SEARO,7.9,61.1,0.4,38.2,3561.27099609375
NPL,NEPAL,2001,Central Asia and Southern Asia,SA,SEARO,11.3,56.1,0.7,42.8,3601.1640625
NPL,NEPAL,2006,Central Asia and Southern Asia,SA,SEARO,12.7,49.1,0.6,38.6,3243.134033203125
NPL,NEPAL,2011,Central Asia and Southern Asia,SA,SEARO,11.2,40.1,1.5,28.9,2983.472900390625
NPL,NEPAL,2014,Central Asia and Southern Asia,SA,SEARO,11.3,37.1,2.1,29.7,2823.18408203125
NPL,NEPAL,2016,Central Asia and Southern Asia,SA,SEARO,11.4,37.2,0.9,30.2,2769.1630859375
NPL,NEPAL,2016,Central Asia and Southern Asia,SA,SEARO,9.6,36.1,1.2,27.3,2769.1630859375
NPL,NEPAL,2019,Central Asia and Southern Asia,SA,SEARO,12.0,31.5,2.6,24.4,2706.19482421875
NRU,NAURU,2007,Oceania excluding Australia and New Zealand,EAP,WPRO,1.0,24.0,2.8,4.8,1842.6480102539062
OMN,OMAN,1991,Western Asia and Northern Africa,MENA,EMRO,7.8,24.2,8.4,18.6,323.0539855957031
OMN,OMAN,1994,Western Asia and Northern Africa,MENA,EMRO,7.2,21.1,1.0,10.4,316.0899963378906
OMN,OMAN,1999,Western Asia and Northern Africa,MENA,EMRO,7.8,15.8,1.6,13.0,288.7030029296875
OMN,OMAN,2009,Western Asia and Northern Africa,MENA,EMRO,7.1,9.8,1.7,8.6,275.44500732421875
OMN,OMAN,2014,Western Asia and Northern Africa,MENA,EMRO,7.5,14.1,4.4,9.7,366.1340026855469
OMN,OMAN,2017,Western Asia and Northern Africa,MENA,EMRO,9.3,11.4,4.2,11.2,423.510009765625
PAK,PAKISTAN,1986,Central Asia and Southern Asia,SA,EMRO,24.0,62.5,7.8,44.4,16224.6640625
PAK,PAKISTAN,1991,Central Asia and Southern Asia,SA,EMRO,12.5,53.9,5.4,38.4,19020.728515625
PAK,PAKISTAN,1992,Central Asia and Southern Asia,SA,EMRO,17.2,42.7,1.6,35.3,19479.29296875
PAK,PAKISTAN,1995,Central Asia and Southern Asia,SA,EMRO,5.65,28.1,5.25,34.2,20542.9609375
PAK,PAKISTAN,2001,Central Asia and Southern Asia,SA,EMRO,14.1,41.4,4.8,31.2,22111.53515625
PAK,PAKISTAN,2011,Central Asia and Southern Asia,SA,EMRO,14.9,43.6,6.6,31.4,24407.638671875
PAK,PAKISTAN,2013,Central Asia and Southern Asia,SA,EMRO,10.5,45.0,4.8,31.8,25121.4453125
PAK,PAKISTAN,2018,Central Asia and Southern Asia,SA,EMRO,7.1,37.6,2.5,23.1,27290.91796875
PAN,PANAMA,1997,Latin America and the Caribbean,LAC,AMRO,1.3,16.8,6.4,5.0,327.6910095214844
PAN,PANAMA,2003,Latin America and the Caribbean,LAC,AMRO,1.6,23.7,11.1,5.3,350.0450134277344
PAN,PANAMA,2008,Latin America and the Caribbean,LAC,AMRO,1.2,19.0,9.7,3.9,360.2720031738281
PAN,PANAMA,2019,Latin America and the Caribbean,LAC,AMRO,5.65,15.8,5.25,3.0,389.0690002441406
PER,PERU,1991,Latin America and the Caribbean,LAC,AMRO,1.9,37.3,9.3,8.8,3141.134033203125
PER,PERU,1996,Latin America and the Caribbean,LAC,AMRO,1.6,31.6,9.9,5.7,3104.0
PER,PERU,2000,Latin America and the Caribbean,LAC,AMRO,1.1,31.3,11.8,5.2,2999.921875
PER,PERU,2005,Latin America and the Caribbean,LAC,AMRO,1.0,29.2,9.1,5.4,2937.22412109375
PER,PERU,2007,Latin America and the Caribbean,LAC,AMRO,0.8,28.0,10.0,4.3,2975.905029296875
PER,PERU,2009,Latin America and the Caribbean,LAC,AMRO,0.6,23.9,10.3,4.3,3008.741943359375
PER,PERU,2010,Latin America and the Caribbean,LAC,AMRO,0.7,23.3,8.0,4.3,3004.4521484375
PER,PERU,2011,Latin America and the Caribbean,LAC,AMRO,0.4,19.5,8.8,4.2,3012.156005859375
PER,PERU,2012,Latin America and the Caribbean,LAC,AMRO,0.6,18.4,7.2,3.4,2966.365966796875
PER,PERU,2013,Latin America and the Caribbean,LAC,AMRO,0.4,17.6,8.5,3.6,2892.908935546875
PER,PERU,2014,Latin America and the Caribbean,LAC,AMRO,0.6,14.8,8.8,3.2,2829.81689453125
PER,PERU,2015,Latin America and the Caribbean,LAC,AMRO,0.6,14.7,8.2,3.4,2799.873046875
PER,PERU,2016,Latin America and the Caribbean,LAC,AMRO,0.6,13.1,7.7,3.2,2708.300048828125
PER,PERU,2017,Latin America and the Caribbean,LAC,AMRO,0.5,12.8,8.0,3.2,2705.2158203125
PER,PERU,2018,Latin America and the Caribbean,LAC,AMRO,0.5,12.2,8.6,2.6,2756.6201171875
PER,PERU,2019,Latin America and the Caribbean,LAC,AMRO,0.4,12.2,8.1,2.4,2810.074951171875
PHL,PHILIPPINES,1987,Eastern Asia and South-eastern Asia,EAP,WPRO,5.7,44.7,5.25,29.3,8873.8798828125
PHL,PHILIPPINES,1990,Eastern Asia and South-eastern Asia,EAP,WPRO,6.9,43.3,5.25,29.9,9441.990234375
PHL,PHILIPPINES,1992,Eastern Asia and South-eastern Asia,EAP,WPRO,8.8,40.9,1.7,29.8,9761.431640625
PHL,PHILIPPINES,1993,Eastern Asia and South-eastern Asia,EAP,WPRO,9.1,38.9,5.25,26.3,9859.8857421875
PHL,PHILIPPINES,1998,Eastern Asia and South-eastern Asia,EAP,WPRO,8.0,38.3,1.9,28.3,10437.771484375
PHL,PHILIPPINES,2003,Eastern Asia and South-eastern Asia,EAP,WPRO,6.0,33.8,2.4,20.7,11252.5048828125
PHL,PHILIPPINES,2008,Eastern Asia and South-eastern Asia,EAP,WPRO,6.6,32.0,2.8,20.6,11181.5400390625
PHL,PHILIPPINES,2011,Eastern Asia and South-eastern Asia,EAP,WPRO,7.0,33.4,3.7,20.2,11129.544921875
PHL,PHILIPPINES,2013,Eastern Asia and South-eastern Asia,EAP,WPRO,7.6,30.0,4.5,19.9,11375.48828125
PHL,PHILIPPINES,2015,Eastern Asia and South-eastern Asia,EAP,WPRO,6.8,33.1,3.3,21.4,11477.212890625
PHL,PHILIPPINES,2018,Eastern Asia and South-eastern Asia,EAP,WPRO,5.6,30.3,4.0,19.1,11035.267578125
PNG,PAPUA NEW GUINEA,1983,Oceania excluding Australia and New Zealand,EAP,WPRO,5.5,46.0,3.1,22.8,648.25
PNG,PAPUA NEW GUINEA,2005,Oceania excluding Australia and New Zealand,EAP,WPRO,4.4,43.9,3.4,18.1,947.8919677734375
PNG,PAPUA NEW GUINEA,2010,Oceania excluding Australia and New Zealand,EAP,WPRO,14.1,49.5,13.7,27.8,1012.1419677734375
POL,POLAND,2009,Northern America and Europe,ECA,EURO,5.65,2.9,5.25,13.2,1976.2490234375
POL,POLAND,2011,Northern America and Europe,ECA,EURO,0.7,0.8,5.0,0.7,2067.048095703125
POL,POLAND,2014,Northern America and Europe,ECA,EURO,5.65,2.6,5.25,13.2,1926.4969482421875
PRK,DEMOCRATIC PEOPLE'S REPUBLIC OF KOREA,1998,Eastern Asia and South-eastern Asia,EAP,SEARO,20.8,63.9,5.25,55.5,2063.742919921875
PRK,DEMOCRATIC PEOPLE'S REPUBLIC OF KOREA,2000,Eastern Asia and South-eastern Asia,EAP,SEARO,12.2,51.0,5.25,24.7,1987.6519775390625
PRK,DEMOCRATIC PEOPLE'S REPUBLIC OF KOREA,2002,Eastern Asia and South-eastern Asia,EAP,SEARO,8.7,44.7,0.9,17.8,1933.7020263671875
PRK,DEMOCRATIC PEOPLE'S REPUBLIC OF KOREA,2004,Eastern Asia and South-eastern Asia,EAP,SEARO,8.5,43.1,5.25,20.6,1928.04296875
PRK,DEMOCRATIC PEOPLE'S REPUBLIC OF KOREA,2009,Eastern Asia and South-eastern Asia,EAP,SEARO,5.2,32.4,0.0,18.8,1736.60595703125
PRK,DEMOCRATIC PEOPLE'S REPUBLIC OF KOREA,2012,Eastern Asia and South-eastern Asia,EAP,SEARO,4.0,27.9,5.25,15.2,1646.927001953125
PRK,DEMOCRATIC PEOPLE'S REPUBLIC OF KOREA,2017,Eastern Asia and South-eastern Asia,EAP,SEARO,2.5,19.1,2.3,9.3,1740.550048828125
PRT,PORTUGAL,2016,Northern America and Europe,ECA,EURO,0.6,3.2,7.1,0.4,430.4930114746094
PRY,PARAGUAY,1990,Latin America and the Caribbean,LAC,AMRO,0.6,18.3,6.3,2.8,659.7689819335938
PRY,PARAGUAY,1998,Latin America and the Caribbean,LAC,AMRO,1.6,28.1,6.4,13.2,706.22900390625
PRY,PARAGUAY,2005,Latin America and the Caribbean,LAC,AMRO,1.1,17.5,7.1,3.4,677.98095703125
PRY,PARAGUAY,2012,Latin America and the Caribbean,LAC,AMRO,2.6,10.7,11.3,2.6,695.39697265625
PRY,PARAGUAY,2016,Latin America and the Caribbean,LAC,AMRO,1.0,5.6,12.4,1.3,684.7579956054688
PSE,STATE OF PALESTINE,1996,Western Asia and Northern Africa,MENA,Unknown,3.0,7.8,4.3,2.5,545.4910278320312
PSE,STATE OF PALESTINE,2000,Western Asia and Northern Africa,MENA,Unknown,2.0,10.7,8.3,2.2,584.1610107421875
PSE,STATE OF PALESTINE,2004,Western Asia and Northern Africa,MENA,Unknown,3.2,10.5,8.8,3.3,573.083984375
PSE,STATE OF PALESTINE,2006,Western Asia and Northern Africa,MENA,Unknown,1.8,13.6,11.4,2.6,577.7120361328125
PSE,STATE OF PALESTINE,2010,Western Asia and Northern Africa,MENA,Unknown,3.3,10.9,5.3,3.7,625.2420043945312
PSE,STATE OF PALESTINE,2014,Western Asia and Northern Africa,MENA,Unknown,1.2,7.4,8.2,1.4,670.5250244140625
PSE,STATE OF PALESTINE,2020,Western Asia and Northern Africa,MENA,Unknown,1.3,8.7,8.6,2.1,692.9129638671875
QAT,QATAR,1995,Western Asia and Northern Africa,MENA,EMRO,2.1,11.6,10.4,4.8,50.012001037597656
ROU,ROMANIA,1991,Northern America and Europe,ECA,EURO,3.3,11.2,4.0,5.0,1845.7139892578125
ROU,ROMANIA,1999,Northern America and Europe,ECA,EURO,3.6,15.3,10.1,3.4,1094.2840576171875
ROU,ROMANIA,2000,Northern America and Europe,ECA,EURO,4.3,12.8,8.9,3.7,1101.365966796875
ROU,ROMANIA,2001,Northern America and Europe,ECA,EURO,3.9,14.0,9.1,3.8,1152.31005859375
ROU,ROMANIA,2002,Northern America and Europe,ECA,EURO,3.5,12.8,8.3,3.5,1147.22900390625
RWA,RWANDA,1992,Sub-Saharan Africa,SSA,AFRO,5.0,56.8,4.0,24.2,1166.4599609375
RWA,RWANDA,1996,Sub-Saharan Africa,SSA,AFRO,11.0,45.4,5.25,22.6,813.9769897460938
RWA,RWANDA,2000,Sub-Saharan Africa,SSA,AFRO,8.7,47.9,7.1,20.3,1289.5279541015625
RWA,RWANDA,2005,Sub-Saharan Africa,SSA,AFRO,4.9,51.4,6.7,17.9,1406.0
RWA,RWANDA,2009,Sub-Saharan Africa,SSA,AFRO,5.1,46.6,5.25,14.3,1545.1510009765625
RWA,RWANDA,2010,Sub-Saharan Africa,SSA,AFRO,2.9,44.3,6.9,11.7,1578.4090576171875
RWA,RWANDA,2012,Sub-Saharan Africa,SSA,AFRO,2.4,43.8,6.0,12.0,1633.8690185546875
RWA,RWANDA,2015,Sub-Saharan Africa,SSA,AFRO,2.3,38.3,7.9,9.6,1690.201904296875
RWA,RWANDA,2015,Sub-Saharan Africa,SSA,AFRO,2.0,36.9,5.6,8.9,1690.201904296875
RWA,RWANDA,2018,Sub-Saharan Africa,SSA,AFRO,2.0,34.8,2.4,12.6,1800.946044921875
RWA,RWANDA,2020,Sub-Saharan Africa,SSA,AFRO,1.1,33.1,5.6,7.7,1885.10498046875
SAU,SAUDI ARABIA,1994,Western Asia and Northern Africa,MENA,EMRO,2.9,21.4,1.2,13.5,2752.76904296875
SAU,SAUDI ARABIA,2004,Western Asia and Northern Africa,MENA,EMRO,11.8,9.3,6.1,5.3,2702.921875
SDN,SUDAN,2006,Western Asia and Northern Africa,SSA,EMRO,14.5,38.3,4.2,27.0,5265.81787109375
SDN,SUDAN,2010,Western Asia and Northern Africa,SSA,EMRO,15.4,34.1,1.5,29.8,5557.94677734375
SDN,SUDAN,2014,Western Asia and Northern Africa,SSA,EMRO,16.3,38.2,3.0,33.0,5829.27392578125
SEN,SENEGAL,1986,Sub-Saharan Africa,SSA,AFRO,5.1,26.5,2.3,17.0,1279.8189697265625
SEN,SENEGAL,1991,Sub-Saharan Africa,SSA,AFRO,9.0,34.4,4.0,20.4,1393.791015625
SEN,SENEGAL,1993,Sub-Saharan Africa,SSA,AFRO,9.4,29.8,4.0,19.0,1455.385986328125
SEN,SENEGAL,1996,Sub-Saharan Africa,SSA,AFRO,8.2,28.8,5.25,19.6,1553.6650390625
SEN,SENEGAL,2000,Sub-Saharan Africa,SSA,AFRO,10.0,26.0,3.2,17.8,1658.6290283203125
SEN,SENEGAL,2005,Sub-Saharan Africa,SSA,AFRO,8.7,19.9,2.5,14.5,1843.6829833984375
SEN,SENEGAL,2011,Sub-Saharan Africa,SSA,AFRO,9.8,26.7,2.7,18.4,2221.1220703125
SEN,SENEGAL,2012,Sub-Saharan Africa,SSA,AFRO,8.7,15.5,0.7,14.4,2285.85791015625
SEN,SENEGAL,2013,Sub-Saharan Africa,SSA,AFRO,9.0,18.8,1.4,16.7,2343.303955078125
SEN,SENEGAL,2014,Sub-Saharan Africa,SSA,AFRO,5.9,18.8,1.3,12.8,2395.73095703125
SEN,SENEGAL,2015,Sub-Saharan Africa,SSA,AFRO,7.8,20.7,1.0,16.1,2445.3271484375
SEN,SENEGAL,2016,Sub-Saharan Africa,SSA,AFRO,7.1,17.1,0.9,13.8,2491.260009765625
SEN,SENEGAL,2017,Sub-Saharan Africa,SSA,AFRO,9.0,16.5,0.9,14.4,2527.10205078125
SEN,SENEGAL,2018,Sub-Saharan Africa,SSA,AFRO,7.8,18.8,1.5,15.1,2556.654052734375
SEN,SENEGAL,2019,Sub-Saharan Africa,SSA,AFRO,8.1,18.8,2.6,13.3,2584.884033203125
SEN,SENEGAL,2019,Sub-Saharan Africa,SSA,AFRO,8.1,17.9,2.3,14.4,2584.884033203125
SGP,SINGAPORE,2000,Eastern Asia and South-eastern Asia,EAP,WPRO,3.6,4.4,2.6,3.3,237.0830078125
SLB,SOLOMON ISLANDS,1989,Oceania excluding Australia and New Zealand,EAP,WPRO,7.4,33.7,1.9,16.3,52.052001953125
SLB,SOLOMON ISLANDS,2007,Oceania excluding Australia and New Zealand,EAP,WPRO,4.3,32.8,2.5,11.8,75.4219970703125
SLB,SOLOMON ISLANDS,2015,Oceania excluding Australia and New Zealand,EAP,WPRO,8.5,31.7,4.5,16.2,93.58599853515625
SLE,SIERRA LEONE,1989,Sub-Saharan Africa,SSA,AFRO,8.4,41.4,5.25,23.7,755.5449829101562
SLE,SIERRA LEONE,1990,Sub-Saharan Africa,SSA,AFRO,10.2,40.9,5.25,25.4,760.35498046875
SLE,SIERRA LEONE,2000,Sub-Saharan Africa,SSA,AFRO,11.6,35.5,4.8,23.4,788.6500244140625
SLE,SIERRA LEONE,2005,Sub-Saharan Africa,SSA,AFRO,10.2,45.0,5.9,27.2,956.8709716796875
SLE,SIERRA LEONE,2010,Sub-Saharan Africa,SSA,AFRO,7.5,32.7,1.4,18.5,1054.666015625
SLE,SIERRA LEONE,2014,Sub-Saharan Africa,SSA,AFRO,4.6,29.1,2.1,13.0,1094.22802734375
SLE,SIERRA LEONE,2017,Sub-Saharan Africa,SSA,AFRO,6.8,31.0,4.2,15.6,1121.384033203125
SLE,SIERRA LEONE,2017,Sub-Saharan Africa,SSA,AFRO,5.1,29.3,2.0,13.6,1121.384033203125
SLE,SIERRA LEONE,2019,Sub-Saharan Africa,SSA,AFRO,5.4,29.5,4.5,13.5,1147.31103515625
SLV,EL SALVADOR,1988,Latin America and the Caribbean,LAC,AMRO,2.2,36.7,3.0,11.1,742.1829833984375
SLV,EL SALVADOR,1993,Latin America and the Caribbean,LAC,AMRO,1.5,31.6,3.7,8.0,767.5559692382812
SLV,EL SALVADOR,1998,Latin America and the Caribbean,LAC,AMRO,1.5,32.3,3.9,9.7,775.385986328125
SLV,EL SALVADOR,2003,Latin America and the Caribbean,LAC,AMRO,1.3,24.6,5.8,6.1,691.281005859375
SLV,EL SALVADOR,2008,Latin America and the Caribbean,LAC,AMRO,1.6,20.8,5.7,6.7,613.8060302734375
SLV,EL SALVADOR,2014,Latin America and the Caribbean,LAC,AMRO,2.1,13.6,6.4,5.0,587.16796875
SOM,SOMALIA,1999,Sub-Saharan Africa,SSA,EMRO,19.3,29.2,5.25,22.8,1706.916015625
SOM,SOMALIA,2006,Sub-Saharan Africa,SSA,EMRO,13.3,42.0,4.7,32.8,2057.31103515625
SOM,SOMALIA,2009,Sub-Saharan Africa,SSA,EMRO,14.3,25.3,3.0,22.5,2217.1240234375
SRB,SERBIA,2005,Northern America and Europe,ECA,EURO,4.5,8.1,19.3,1.8,536.0059814453125
SRB,SERBIA,2010,Northern America and Europe,ECA,EURO,3.5,6.6,15.6,1.6,489.4800109863281
SRB,SERBIA,2014,Northern America and Europe,ECA,EURO,3.9,6.0,13.9,1.8,443.9939880371094
SRB,SERBIA,2019,Northern America and Europe,ECA,EURO,2.6,5.4,10.9,1.0,421.9049987792969
SSD,SOUTH SUDAN,2006,Sub-Saharan Africa,SSA,EMRO,24.6,36.2,10.9,32.5,1335.3590087890625
SSD,SOUTH SUDAN,2010,Sub-Saharan Africa,SSA,EMRO,22.7,31.3,6.0,27.7,1583.166015625
STP,SAO TOME AND PRINCIPE,1986,Sub-Saharan Africa,SSA,AFRO,6.0,32.0,5.25,14.5,18.2810001373291
STP,SAO TOME AND PRINCIPE,2014,Sub-Saharan Africa,SSA,AFRO,4.0,17.2,2.4,8.8,30.827999114990234
STP,SAO TOME AND PRINCIPE,2019,Sub-Saharan Africa,SSA,AFRO,4.1,11.7,4.5,5.4,31.555999755859375
SUR,SURINAME,2000,Latin America and the Caribbean,LAC,AMRO,7.0,14.1,2.9,11.1,53.650001525878906
SUR,SURINAME,2006,Latin America and the Caribbean,LAC,AMRO,4.9,10.6,4.0,7.5,53.17100143432617
SUR,SURINAME,2010,Latin America and the Caribbean,LAC,AMRO,5.0,8.8,4.0,5.8,52.358001708984375
SUR,SURINAME,2018,Latin America and the Caribbean,LAC,AMRO,5.5,8.3,3.5,6.7,52.77199935913086
SWZ,ESWATINI,2000,Sub-Saharan Africa,SSA,AFRO,1.7,36.5,14.9,9.1,146.35800170898438
SWZ,ESWATINI,2006,Sub-Saharan Africa,SSA,AFRO,2.9,29.2,11.1,6.0,146.08700561523438
SWZ,ESWATINI,2008,Sub-Saharan Africa,SSA,AFRO,1.1,40.4,5.25,7.3,149.9239959716797
SWZ,ESWATINI,2010,Sub-Saharan Africa,SSA,AFRO,0.8,30.9,10.7,5.9,151.9029998779297
SWZ,ESWATINI,2014,Sub-Saharan Africa,SSA,AFRO,2.0,25.5,9.0,5.8,146.8800048828125
SYC,SEYCHELLES,1988,Sub-Saharan Africa,SSA,AFRO,2.7,7.7,5.8,5.0,8.397000312805176
SYC,SEYCHELLES,2012,Sub-Saharan Africa,SSA,AFRO,4.3,7.9,10.2,3.6,7.815999984741211
SYR,SYRIAN ARAB REPUBLIC,1993,Western Asia and Northern Africa,MENA,EMRO,10.0,32.8,15.0,11.5,2158.072021484375
SYR,SYRIAN ARAB REPUBLIC,1995,Western Asia and Northern Africa,MENA,EMRO,10.4,26.5,5.25,11.3,2185.906982421875
SYR,SYRIAN ARAB REPUBLIC,2000,Western Asia and Northern Africa,MENA,EMRO,4.9,24.3,5.25,6.0,2432.026123046875
SYR,SYRIAN ARAB REPUBLIC,2001,Western Asia and Northern Africa,MENA,EMRO,10.2,31.7,19.7,11.5,2499.910888671875
SYR,SYRIAN ARAB REPUBLIC,2006,Western Asia and Northern Africa,MENA,EMRO,10.3,28.7,18.7,10.0,2638.5771484375
SYR,SYRIAN ARAB REPUBLIC,2010,Western Asia and Northern Africa,MENA,EMRO,11.5,27.9,17.9,10.4,2942.76318359375
TCD,CHAD,1997,Sub-Saharan Africa,SSA,AFRO,16.5,44.5,2.7,34.3,1518.0780029296875
TCD,CHAD,2000,Sub-Saharan Africa,SSA,AFRO,13.9,38.9,2.7,29.2,1688.3349609375
TCD,CHAD,2004,Sub-Saharan Africa,SSA,AFRO,16.2,44.4,4.2,33.8,1957.93603515625
TCD,CHAD,2010,Sub-Saharan Africa,SSA,AFRO,16.3,38.7,2.8,30.3,2324.090087890625
TCD,CHAD,2015,Sub-Saharan Africa,SSA,AFRO,13.3,39.8,2.8,29.4,2633.012939453125
TCD,CHAD,2017,Sub-Saharan Africa,SSA,AFRO,13.5,32.1,2.0,24.3,2757.1728515625
TCD,CHAD,2018,Sub-Saharan Africa,SSA,AFRO,13.5,31.9,5.25,24.7,2814.74609375
TCD,CHAD,2019,Sub-Saharan Africa,SSA,AFRO,12.0,32.5,1.8,23.6,2871.72705078125
TCD,CHAD,2019,Sub-Saharan Africa,SSA,AFRO,13.9,37.8,2.3,29.2,2871.72705078125
TGO,TOGO,1988,Sub-Saharan Africa,SSA,AFRO,5.9,40.7,2.9,21.7,653.614990234375
TGO,TOGO,1996,Sub-Saharan Africa,SSA,AFRO,5.65,40.2,5.25,16.7,726.95703125
TGO,TOGO,1998,Sub-Saharan Africa,SSA,AFRO,12.4,33.2,2.3,23.8,768.9849853515625
TGO,TOGO,2006,Sub-Saharan Africa,SSA,AFRO,5.65,29.9,5.25,13.2,974.0499877929688
TGO,TOGO,2008,Sub-Saharan Africa,SSA,AFRO,6.0,26.9,5.25,20.5,1022.384033203125
TGO,TOGO,2009,Sub-Saharan Africa,SSA,AFRO,6.1,27.0,1.1,16.6,1044.18896484375
TGO,TOGO,2010,Sub-Saharan Africa,SSA,AFRO,4.8,29.8,1.6,16.6,1065.2109375
TGO,TOGO,2010,Sub-Saharan Africa,SSA,AFRO,4.7,27.0,0.7,15.1,1065.2109375
TGO,TOGO,2012,Sub-Saharan Africa,SSA,AFRO,5.5,26.2,1.7,16.5,1102.655029296875
TGO,TOGO,2014,Sub-Saharan Africa,SSA,AFRO,6.6,27.6,2.0,16.1,1132.623046875
TGO,TOGO,2017,Sub-Saharan Africa,SSA,AFRO,5.7,23.8,1.5,15.2,1174.3060302734375
THA,THAILAND,1987,Eastern Asia and South-eastern Asia,EAP,SEARO,5.7,24.6,1.3,20.2,5586.31787109375
THA,THAILAND,1993,Eastern Asia and South-eastern Asia,EAP,SEARO,7.3,21.1,5.25,16.3,5223.6796875
THA,THAILAND,1995,Eastern Asia and South-eastern Asia,EAP,SEARO,6.7,18.1,4.7,15.4,5125.27490234375
THA,THAILAND,2006,Eastern Asia and South-eastern Asia,EAP,SEARO,4.7,15.7,8.0,7.0,4182.89892578125
THA,THAILAND,2012,Eastern Asia and South-eastern Asia,EAP,SEARO,6.7,16.4,10.9,9.2,4007.509033203125
THA,THAILAND,2016,Eastern Asia and South-eastern Asia,EAP,SEARO,5.4,10.5,8.2,6.7,3784.092041015625
THA,THAILAND,2019,Eastern Asia and South-eastern Asia,EAP,SEARO,7.7,13.4,9.2,7.7,3647.9169921875
TJK,TAJIKISTAN,1999,Central Asia and Southern Asia,ECA,EURO,11.4,41.5,5.25,13.2,895.636962890625
TJK,TAJIKISTAN,2000,Central Asia and Southern Asia,ECA,EURO,9.4,42.1,5.25,13.2,892.43701171875
TJK,TAJIKISTAN,2001,Central Asia and Southern Asia,ECA,EURO,19.4,43.2,5.25,13.2,886.613037109375
TJK,TAJIKISTAN,2002,Central Asia and Southern Asia,ECA,EURO,6.1,37.1,5.25,13.2,875.6539916992188
TJK,TAJIKISTAN,2003,Central Asia and Southern Asia,ECA,EURO,5.9,42.4,5.25,13.2,862.532958984375
TJK,TAJIKISTAN,2005,Central Asia and Southern Asia,ECA,EURO,8.7,33.1,6.8,14.9,856.77294921875
TJK,TAJIKISTAN,2007,Central Asia and Southern Asia,ECA,EURO,6.9,39.3,12.0,15.1,888.1649780273438
TJK,TAJIKISTAN,2009,Central Asia and Southern Asia,ECA,EURO,4.3,28.8,4.2,8.3,948.760009765625
TJK,TAJIKISTAN,2012,Central Asia and Southern Asia,ECA,EURO,9.9,26.9,6.7,13.3,1099.4940185546875
TJK,TAJIKISTAN,2016,Central Asia and Southern Asia,ECA,EURO,3.5,19.6,3.7,6.4,1269.760986328125
TJK,TAJIKISTAN,2017,Central Asia and Southern Asia,ECA,EURO,5.6,17.5,3.3,7.6,1303.5159912109375
TKM,TURKMENISTAN,2000,Central Asia and Southern Asia,ECA,EURO,7.1,28.1,5.25,10.5,489.6470031738281
TKM,TURKMENISTAN,2006,Central Asia and Southern Asia,ECA,EURO,7.2,18.9,4.5,9.2,522.4619750976562
TKM,TURKMENISTAN,2015,Central Asia and Southern Asia,ECA,EURO,4.2,11.5,5.9,3.2,678.7650146484375
TKM,TURKMENISTAN,2019,Central Asia and Southern Asia,ECA,EURO,4.1,7.2,3.1,3.1,675.6110229492188
TLS,TIMOR-LESTE,2002,Eastern Asia and South-eastern Asia,EAP,SEARO,13.7,55.7,5.7,40.6,155.0570068359375
TLS,TIMOR-LESTE,2003,Eastern Asia and South-eastern Asia,EAP,SEARO,14.3,54.8,5.25,41.5,159.6790008544922
TLS,TIMOR-LESTE,2007,Eastern Asia and South-eastern Asia,EAP,SEARO,21.3,57.2,1.5,49.5,169.3260040283203
TLS,TIMOR-LESTE,2009,Eastern Asia and South-eastern Asia,EAP,SEARO,18.9,57.5,5.8,44.9,163.28799438476562
TLS,TIMOR-LESTE,2013,Eastern Asia and South-eastern Asia,EAP,SEARO,9.9,51.7,1.6,37.5,154.87400817871094
TON,TONGA,1986,Oceania excluding Australia and New Zealand,EAP,WPRO,1.3,2.2,5.25,13.2,14.520999908447266
TON,TONGA,2012,Oceania excluding Australia and New Zealand,EAP,WPRO,5.2,8.1,17.3,1.8,13.279999732971191
TON,TONGA,2019,Oceania excluding Australia and New Zealand,EAP,WPRO,1.1,2.2,11.2,0.8,12.239999771118164
TTO,TRINIDAD AND TOBAGO,1987,Latin America and the Caribbean,LAC,AMRO,4.8,6.3,3.5,6.2,153.93099975585938
TTO,TRINIDAD AND TOBAGO,2000,Latin America and the Caribbean,LAC,AMRO,5.2,5.3,5.0,4.3,89.61599731445312
TTO,TRINIDAD AND TOBAGO,2011,Latin America and the Caribbean,LAC,AMRO,6.4,9.2,11.4,4.9,97.59300231933594
TUN,TUNISIA,1988,Western Asia and Northern Africa,MENA,EMRO,3.1,18.5,3.7,7.9,1072.4010009765625
TUN,TUNISIA,1997,Western Asia and Northern Africa,MENA,EMRO,7.2,11.9,1.4,3.3,898.842041015625
TUN,TUNISIA,2000,Western Asia and Northern Africa,MENA,EMRO,2.9,16.8,5.25,3.5,840.666015625
TUN,TUNISIA,2006,Western Asia and Northern Africa,MENA,EMRO,3.4,9.0,8.8,3.3,802.3179931640625
TUN,TUNISIA,2012,Western Asia and Northern Africa,MENA,EMRO,2.8,10.1,14.3,2.3,923.427978515625
TUN,TUNISIA,2018,Western Asia and Northern Africa,MENA,EMRO,2.1,8.4,17.2,1.6,1035.906982421875
TUR,TURKEY,1993,Western Asia and Northern Africa,ECA,EURO,3.9,23.6,4.9,8.7,6445.3759765625
TUR,TURKEY,1995,Western Asia and Northern Africa,ECA,EURO,5.65,28.1,5.25,9.0,6438.9501953125
TUR,TURKEY,1998,Western Asia and Northern Africa,ECA,EURO,3.0,18.8,3.8,7.0,6565.8251953125
TUR,TURKEY,2004,Western Asia and Northern Africa,ECA,EURO,1.1,15.2,8.8,3.5,6580.8349609375
TUR,TURKEY,2008,Western Asia and Northern Africa,ECA,EURO,1.0,12.5,9.8,1.9,6379.97265625
TUR,TURKEY,2013,Western Asia and Northern Africa,ECA,EURO,1.9,10.0,11.1,2.3,6645.94384765625
TUR,TURKEY,2018,Western Asia and Northern Africa,ECA,EURO,1.7,6.0,8.1,1.5,6749.27392578125
TUV,TUVALU,2007,Oceania excluding Australia and New Zealand,EAP,WPRO,3.3,10.0,6.3,1.6,1842.6480102539062
TZA,UNITED REPUBLIC OF TANZANIA,1991,Sub-Saharan Africa,SSA,AFRO,7.8,49.9,5.8,24.8,4710.9970703125
TZA,UNITED REPUBLIC OF TANZANIA,1996,Sub-Saharan Africa,SSA,AFRO,8.5,49.6,4.6,26.8,5383.09619140625
TZA,UNITED REPUBLIC OF TANZANIA,1999,Sub-Saharan Africa,SSA,AFRO,5.6,48.3,3.3,25.3,5627.8642578125
TZA,UNITED REPUBLIC OF TANZANIA,2004,Sub-Saharan Africa,SSA,AFRO,3.5,44.4,4.9,16.7,6576.26904296875
TZA,UNITED REPUBLIC OF TANZANIA,2009,Sub-Saharan Africa,SSA,AFRO,2.9,43.2,4.7,16.4,7706.205078125
TZA,UNITED REPUBLIC OF TANZANIA,2010,Sub-Saharan Africa,SSA,AFRO,4.9,42.1,5.4,16.1,7901.23828125
TZA,UNITED REPUBLIC OF TANZANIA,2011,Sub-Saharan Africa,SSA,AFRO,6.2,35.0,5.1,14.1,8090.97216796875
TZA,UNITED REPUBLIC OF TANZANIA,2013,Sub-Saharan Africa,SSA,AFRO,4.4,37.4,5.1,13.1,8426.615234375
TZA,UNITED REPUBLIC OF TANZANIA,2014,Sub-Saharan Africa,SSA,AFRO,3.8,34.7,3.5,13.4,8593.615234375
TZA,UNITED REPUBLIC OF TANZANIA,2015,Sub-Saharan Africa,SSA,AFRO,4.5,34.5,3.7,13.7,8770.560546875
TZA,UNITED REPUBLIC OF TANZANIA,2018,Sub-Saharan Africa,SSA,AFRO,3.5,31.8,2.8,14.6,9316.107421875
UGA,UGANDA,1988,Sub-Saharan Africa,SSA,AFRO,3.1,47.7,3.6,19.7,3180.7470703125
UGA,UGANDA,1995,Sub-Saharan Africa,SSA,AFRO,5.9,45.7,5.0,20.8,4100.30517578125
UGA,UGANDA,2000,Sub-Saharan Africa,SSA,AFRO,5.0,44.9,4.9,19.2,4736.4560546875
UGA,UGANDA,2006,Sub-Saharan Africa,SSA,AFRO,6.2,38.4,4.9,16.3,5654.52392578125
UGA,UGANDA,2009,Sub-Saharan Africa,SSA,AFRO,4.4,38.2,3.2,15.7,6110.87890625
UGA,UGANDA,2011,Sub-Saharan Africa,SSA,AFRO,4.6,33.5,3.8,14.1,6424.52001953125
UGA,UGANDA,2012,Sub-Saharan Africa,SSA,AFRO,4.2,33.7,5.8,11.9,6568.5341796875
UGA,UGANDA,2014,Sub-Saharan Africa,SSA,AFRO,3.8,34.0,3.6,11.7,6856.7236328125
UGA,UGANDA,2016,Sub-Saharan Africa,SSA,AFRO,3.5,28.9,3.7,10.4,7198.326171875
UKR,UKRAINE,2000,Northern America and Europe,ECA,EURO,8.2,22.9,26.5,4.1,2160.096923828125
URY,URUGUAY,1987,Latin America and the Caribbean,LAC,AMRO,5.65,21.0,5.25,6.5,258.7760009765625
URY,URUGUAY,1999,Latin America and the Caribbean,LAC,AMRO,2.3,12.8,9.0,4.7,273.6709899902344
URY,URUGUAY,2002,Latin America and the Caribbean,LAC,AMRO,2.4,14.7,10.0,5.4,261.2760009765625
URY,URUGUAY,2003,Latin America and the Caribbean,LAC,AMRO,2.8,15.8,11.5,5.1,258.5920104980469
URY,URUGUAY,2004,Latin America and the Caribbean,LAC,AMRO,3.0,13.9,9.4,6.0,255.98500061035156
URY,URUGUAY,2007,Latin America and the Caribbean,LAC,AMRO,2.5,10.8,7.9,4.2,246.5570068359375
URY,URUGUAY,2011,Latin America and the Caribbean,LAC,AMRO,1.3,10.7,7.2,4.0,234.75599670410156
URY,URUGUAY,2013,Latin America and the Caribbean,LAC,AMRO,1.0,5.0,10.1,1.2,235.6280059814453
URY,URUGUAY,2016,Latin America and the Caribbean,LAC,AMRO,0.7,10.8,10.4,3.2,239.9219970703125
URY,URUGUAY,2018,Latin America and the Caribbean,LAC,AMRO,1.4,6.9,11.4,1.8,239.21400451660156
USA,UNITED STATES,1991,Northern America and Europe,Unknown,AMRO,0.5,3.1,6.1,0.8,19515.15234375
USA,UNITED STATES,2000,Northern America and Europe,Unknown,AMRO,0.5,3.2,8.3,1.1,19564.58203125
USA,UNITED STATES,2002,Northern America and Europe,Unknown,AMRO,0.3,3.1,7.6,0.8,19455.59375
USA,UNITED STATES,2004,Northern America and Europe,Unknown,AMRO,0.7,2.9,9.4,1.3,20041.9296875
USA,UNITED STATES,2006,Northern America and Europe,Unknown,AMRO,0.9,3.1,8.0,0.7,20801.322265625
USA,UNITED STATES,2008,Northern America and Europe,Unknown,AMRO,0.6,2.3,7.4,0.7,21059.89453125
USA,UNITED STATES,2010,Northern America and Europe,Unknown,AMRO,0.1,2.8,9.0,1.0,20890.228515625
USA,UNITED STATES,2012,Northern America and Europe,Unknown,AMRO,0.3,2.2,6.4,0.5,20679.185546875
USA,UNITED STATES,2014,Northern America and Europe,Unknown,AMRO,0.3,2.4,8.2,0.7,20151.21484375
USA,UNITED STATES,2016,Northern America and Europe,Unknown,AMRO,0.4,3.5,9.4,1.4,19595.177734375
USA,UNITED STATES,2018,Northern America and Europe,Unknown,AMRO,0.1,3.4,9.4,0.4,19511.521484375
UZB,UZBEKISTAN,1996,Central Asia and Southern Asia,ECA,EURO,10.7,39.5,15.9,13.3,3227.16015625
UZB,UZBEKISTAN,2002,Central Asia and Southern Asia,ECA,EURO,9.0,24.9,11.0,7.4,2642.64111328125
UZB,UZBEKISTAN,2006,Central Asia and Southern Asia,ECA,EURO,4.4,19.6,12.2,4.4,2597.218994140625
UZB,UZBEKISTAN,2017,Central Asia and Southern Asia,ECA,EURO,1.8,10.8,4.6,2.9,3363.001953125
VEN,VENEZUELA (BOLIVARIAN REPUBLIC OF),1987,Latin America and the Caribbean,LAC,AMRO,2.2,7.0,9.0,3.9,2556.0888671875
VEN,VENEZUELA (BOLIVARIAN REPUBLIC OF),1990,Latin America and the Caribbean,LAC,AMRO,5.7,18.6,4.0,6.7,2701.037109375
VEN,VENEZUELA (BOLIVARIAN REPUBLIC OF),1991,Latin America and the Caribbean,LAC,AMRO,4.5,18.2,4.3,5.4,2743.01611328125
VEN,VENEZUELA (BOLIVARIAN REPUBLIC OF),1992,Latin America and the Caribbean,LAC,AMRO,4.3,18.3,4.9,4.5,2759.39599609375
VEN,VENEZUELA (BOLIVARIAN REPUBLIC OF),1993,Latin America and the Caribbean,LAC,AMRO,4.0,17.4,4.9,4.0,2757.56494140625
VEN,VENEZUELA (BOLIVARIAN REPUBLIC OF),1994,Latin America and the Caribbean,LAC,AMRO,3.8,17.9,5.0,3.9,2751.48388671875
VEN,VENEZUELA (BOLIVARIAN REPUBLIC OF),1995,Latin America and the Caribbean,LAC,AMRO,3.8,18.9,4.7,4.1,2750.90380859375
VEN,VENEZUELA (BOLIVARIAN REPUBLIC OF),1996,Latin America and the Caribbean,LAC,AMRO,3.8,19.3,4.7,4.4,2739.739013671875
VEN,VENEZUELA (BOLIVARIAN REPUBLIC OF),1997,Latin America and the Caribbean,LAC,AMRO,3.8,19.9,5.0,4.5,2743.85595703125
VEN,VENEZUELA (BOLIVARIAN REPUBLIC OF),1998,Latin America and the Caribbean,LAC,AMRO,4.4,19.2,4.9,4.6,2759.2021484375
VEN,VENEZUELA (BOLIVARIAN REPUBLIC OF),1999,Latin America and the Caribbean,LAC,AMRO,4.0,18.3,5.2,4.1,2776.9208984375
VEN,VENEZUELA (BOLIVARIAN REPUBLIC OF),2000,Latin America and the Caribbean,LAC,AMRO,3.9,17.4,5.3,3.9,2790.7548828125
VEN,VENEZUELA (BOLIVARIAN REPUBLIC OF),2001,Latin America and the Caribbean,LAC,AMRO,4.4,17.3,5.4,4.0,2810.06103515625
VEN,VENEZUELA (BOLIVARIAN REPUBLIC OF),2002,Latin America and the Caribbean,LAC,AMRO,4.8,17.6,5.4,4.2,2825.779052734375
VEN,VENEZUELA (BOLIVARIAN REPUBLIC OF),2003,Latin America and the Caribbean,LAC,AMRO,5.2,17.7,5.3,4.6,2837.549072265625
VEN,VENEZUELA (BOLIVARIAN REPUBLIC OF),2004,Latin America and the Caribbean,LAC,AMRO,5.2,17.1,5.2,4.5,2847.468017578125
VEN,VENEZUELA (BOLIVARIAN REPUBLIC OF),2005,Latin America and the Caribbean,LAC,AMRO,4.8,16.2,5.5,4.1,2857.2939453125
VEN,VENEZUELA (BOLIVARIAN REPUBLIC OF),2006,Latin America and the Caribbean,LAC,AMRO,4.8,16.2,6.1,3.9,2874.02099609375
VEN,VENEZUELA (BOLIVARIAN REPUBLIC OF),2007,Latin America and the Caribbean,LAC,AMRO,5.0,15.6,6.1,3.7,2882.75390625
VEN,VENEZUELA (BOLIVARIAN REPUBLIC OF),2008,Latin America and the Caribbean,LAC,AMRO,4.5,14.6,6.3,3.2,2887.013916015625
VEN,VENEZUELA (BOLIVARIAN REPUBLIC OF),2009,Latin America and the Caribbean,LAC,AMRO,4.1,13.4,6.4,2.9,2891.89794921875
VNM,VIET NAM,1988,Eastern Asia and South-eastern Asia,EAP,WPRO,11.1,61.3,5.25,40.7,8972.775390625
VNM,VIET NAM,1993,Eastern Asia and South-eastern Asia,EAP,WPRO,6.7,61.5,2.9,36.6,9341.234375
VNM,VIET NAM,1994,Eastern Asia and South-eastern Asia,EAP,WPRO,13.5,52.5,5.25,40.6,9296.3828125
VNM,VIET NAM,1998,Eastern Asia and South-eastern Asia,EAP,WPRO,11.9,42.1,1.4,35.8,8048.68212890625
VNM,VIET NAM,1999,Eastern Asia and South-eastern Asia,EAP,WPRO,11.0,43.7,1.8,31.1,7564.7431640625
VNM,VIET NAM,2000,Eastern Asia and South-eastern Asia,EAP,WPRO,6.1,43.2,2.6,26.7,7190.755859375
VNM,VIET NAM,2002,Eastern Asia and South-eastern Asia,EAP,WPRO,8.9,37.5,2.6,23.4,6498.3046875
VNM,VIET NAM,2003,Eastern Asia and South-eastern Asia,EAP,WPRO,10.9,35.4,2.2,24.6,6528.89501953125
VNM,VIET NAM,2004,Eastern Asia and South-eastern Asia,EAP,WPRO,11.3,33.7,2.7,23.8,6629.73095703125
VNM,VIET NAM,2005,Eastern Asia and South-eastern Asia,EAP,WPRO,10.7,33.2,2.6,22.7,6697.01708984375
VNM,VIET NAM,2006,Eastern Asia and South-eastern Asia,EAP,WPRO,9.9,31.8,3.1,22.1,6922.3251953125
VNM,VIET NAM,2007,Eastern Asia and South-eastern Asia,EAP,WPRO,10.1,32.2,2.9,22.6,7044.37890625
VNM,VIET NAM,2008,Eastern Asia and South-eastern Asia,EAP,WPRO,9.7,30.5,3.0,20.2,7089.52490234375
VNM,VIET NAM,2009,Eastern Asia and South-eastern Asia,EAP,WPRO,7.1,29.3,5.6,17.5,7127.8017578125
VNM,VIET NAM,2010,Eastern Asia and South-eastern Asia,EAP,WPRO,4.1,22.7,4.5,11.7,7210.2841796875
VNM,VIET NAM,2011,Eastern Asia and South-eastern Asia,EAP,WPRO,6.6,27.5,5.25,16.8,7343.0078125
VNM,VIET NAM,2012,Eastern Asia and South-eastern Asia,EAP,WPRO,6.7,26.7,4.8,16.2,7433.6357421875
VNM,VIET NAM,2013,Eastern Asia and South-eastern Asia,EAP,WPRO,6.6,25.9,4.6,15.3,7505.59423828125
VNM,VIET NAM,2014,Eastern Asia and South-eastern Asia,EAP,WPRO,6.8,24.9,3.5,14.5,7571.873046875
VNM,VIET NAM,2015,Eastern Asia and South-eastern Asia,EAP,WPRO,6.4,24.6,5.3,14.1,7642.77099609375
VNM,VIET NAM,2016,Eastern Asia and South-eastern Asia,EAP,WPRO,5.65,24.3,5.25,13.8,7672.77294921875
VNM,VIET NAM,2017,Eastern Asia and South-eastern Asia,EAP,WPRO,5.8,23.8,5.9,13.4,7743.873046875
VUT,VANUATU,1996,Oceania excluding Australia and New Zealand,EAP,WPRO,6.8,25.7,5.25,10.6,26.795000076293945
VUT,VANUATU,2008,Oceania excluding Australia and New Zealand,EAP,WPRO,5.9,25.7,4.7,11.5,31.855998992919922
VUT,VANUATU,2013,Oceania excluding Australia and New Zealand,EAP,WPRO,4.7,28.9,4.9,11.7,37.74300003051758
WSM,SAMOA,1999,Oceania excluding Australia and New Zealand,EAP,WPRO,1.3,6.4,6.2,1.7,25.637001037597656
WSM,SAMOA,2014,Oceania excluding Australia and New Zealand,EAP,WPRO,3.9,4.9,5.3,3.2,28.554000854492188
WSM,SAMOA,2019,Oceania excluding Australia and New Zealand,EAP,WPRO,3.1,7.3,8.7,3.4,27.499000549316406
YEM,YEMEN,1991,Western Asia and Northern Africa,MENA,EMRO,14.1,50.4,8.1,29.9,2654.202880859375
YEM,YEMEN,1996,Western Asia and Northern Africa,MENA,EMRO,17.4,50.4,6.9,34.2,3104.875
YEM,YEMEN,1997,Western Asia and Northern Africa,MENA,EMRO,16.5,55.2,3.7,43.0,3124.1240234375
YEM,YEMEN,2003,Western Asia and Northern Africa,MENA,EMRO,15.3,57.3,4.9,45.3,3171.919921875
YEM,YEMEN,2005,Western Asia and Northern Africa,MENA,EMRO,13.8,57.0,6.3,36.7,3309.0400390625
YEM,YEMEN,2011,Western Asia and Northern Africa,MENA,EMRO,13.3,46.6,1.5,35.5,3685.8359375
YEM,YEMEN,2013,Western Asia and Northern Africa,MENA,EMRO,16.4,46.4,2.5,39.9,3836.333984375
ZAF,SOUTH AFRICA,1994,Sub-Saharan Africa,SSA,AFRO,3.3,28.7,10.3,8.0,5192.96923828125
ZAF,SOUTH AFRICA,1999,Sub-Saharan Africa,SSA,AFRO,4.5,30.1,10.4,9.8,4888.7587890625
ZAF,SOUTH AFRICA,2008,Sub-Saharan Africa,SSA,AFRO,4.8,24.9,13.2,8.8,5274.30224609375
ZAF,SOUTH AFRICA,2015,Sub-Saharan Africa,SSA,AFRO,3.5,21.4,13.6,5.1,5832.26708984375
ZAF,SOUTH AFRICA,2016,Sub-Saharan Africa,SSA,AFRO,2.5,27.4,13.3,5.9,5815.375
ZAF,SOUTH AFRICA,2017,Sub-Saharan Africa,SSA,AFRO,3.4,21.4,11.6,5.5,5803.7890625
ZMB,ZAMBIA,1992,Sub-Saharan Africa,SSA,AFRO,6.3,46.3,4.7,21.2,1556.52197265625
ZMB,ZAMBIA,1995,Sub-Saharan Africa,SSA,AFRO,5.65,58.1,5.25,13.2,1657.135009765625
ZMB,ZAMBIA,1996,Sub-Saharan Africa,SSA,AFRO,5.3,48.6,6.2,19.6,1703.366943359375
ZMB,ZAMBIA,1999,Sub-Saharan Africa,SSA,AFRO,5.0,59.2,14.0,19.6,1852.81103515625
ZMB,ZAMBIA,2002,Sub-Saharan Africa,SSA,AFRO,6.2,52.5,5.9,23.2,2042.6640625
ZMB,ZAMBIA,2007,Sub-Saharan Africa,SSA,AFRO,5.6,45.8,8.4,14.9,2340.873046875
ZMB,ZAMBIA,2013,Sub-Saharan Africa,SSA,AFRO,6.2,40.0,6.2,14.9,2645.669921875
ZMB,ZAMBIA,2018,Sub-Saharan Africa,SSA,AFRO,4.2,34.6,5.2,11.8,2868.9140625
ZWE,ZIMBABWE,1987,Sub-Saharan Africa,SSA,AFRO,5.65,28.1,5.25,10.5,1656.35400390625
ZWE,ZIMBABWE,1988,Sub-Saharan Africa,SSA,AFRO,1.7,31.0,5.4,8.0,1699.762939453125
ZWE,ZIMBABWE,1994,Sub-Saharan Africa,SSA,AFRO,5.3,28.5,6.4,11.8,1737.4019775390625
ZWE,ZIMBABWE,1999,Sub-Saharan Africa,SSA,AFRO,8.3,33.8,10.5,11.5,1690.993896484375
ZWE,ZIMBABWE,2005,Sub-Saharan Africa,SSA,AFRO,7.2,35.3,8.8,14.0,1771.44091796875
ZWE,ZIMBABWE,2009,Sub-Saharan Africa,SSA,AFRO,2.4,35.1,3.5,11.7,1938.279052734375
ZWE,ZIMBABWE,2010,Sub-Saharan Africa,SSA,AFRO,3.2,32.2,5.8,10.2,1997.281005859375
ZWE,ZIMBABWE,2014,Sub-Saharan Africa,SSA,AFRO,3.2,27.6,3.6,11.2,2236.18212890625
ZWE,ZIMBABWE,2015,Sub-Saharan Africa,SSA,AFRO,3.3,27.1,5.6,8.5,2258.7880859375
ZWE,ZIMBABWE,2019,Sub-Saharan Africa,SSA,AFRO,2.9,23.5,2.5,9.7,2138.02001953125
